תאריך,מחיר קניה,מחיר פדיון,שיעור הוספה (%),דמי ניהול (%),שווי נכסים במיל' ₪,דמי נאמנות
20/11/2024 00:00:00,642.14,642.14,0.000,2.460,215.2,0.050
19/11/2024 00:00:00,637.93,637.93,0.000,2.460,215.2,0.050
18/11/2024 00:00:00,634.97,634.97,0.000,2.460,215.2,0.050
17/11/2024 00:00:00,632.04,632.04,0.000,2.460,215.2,0.050
14/11/2024 00:00:00,631.79,631.79,0.000,2.460,215.2,0.050
13/11/2024 00:00:00,630.18,630.18,0.000,2.460,215.2,0.050
12/11/2024 00:00:00,624.92,624.92,0.000,2.460,215.2,0.050
11/11/2024 00:00:00,619.45,619.45,0.000,2.460,215.2,0.050
10/11/2024 00:00:00,617.67,617.67,0.000,2.460,203.8,0.050
07/11/2024 00:00:00,610.60,610.60,0.000,2.460,203.8,0.050
06/11/2024 00:00:00,615.09,615.09,0.000,2.460,203.8,0.050
05/11/2024 00:00:00,615.63,615.63,0.000,2.460,203.8,0.050
04/11/2024 00:00:00,615.39,615.39,0.000,2.460,203.8,0.050
03/11/2024 00:00:00,615.23,615.23,0.000,2.460,203.8,0.050
31/10/2024 00:00:00,612.42,612.42,0.000,2.460,203.8,0.050
30/10/2024 00:00:00,610.13,610.13,0.000,2.460,203.8,0.050
29/10/2024 00:00:00,604.23,604.23,0.000,2.460,203.8,0.050
28/10/2024 00:00:00,598.12,598.12,0.000,2.460,203.8,0.050
27/10/2024 00:00:00,597.79,597.79,0.000,2.460,203.8,0.050
22/10/2024 00:00:00,593.18,593.18,0.000,2.460,203.8,0.050
21/10/2024 00:00:00,592.59,592.59,0.000,2.460,196.1,0.050
20/10/2024 00:00:00,590.54,590.54,0.000,2.460,196.1,0.050
15/10/2024 00:00:00,584.07,584.07,0.000,2.460,196.1,0.050
14/10/2024 00:00:00,581.74,581.74,0.000,2.460,196.1,0.050
13/10/2024 00:00:00,582.67,582.67,0.000,2.460,196.1,0.050
10/10/2024 00:00:00,580.13,580.13,0.000,2.460,196.1,0.050
09/10/2024 00:00:00,581.58,581.58,0.000,2.460,196.1,0.050
08/10/2024 00:00:00,580.05,580.05,0.000,2.460,196.1,0.050
07/10/2024 00:00:00,581.61,581.61,0.000,2.460,196.1,0.050
06/10/2024 00:00:00,582.19,582.19,0.000,2.460,196.1,0.050
01/10/2024 00:00:00,582.64,582.64,0.000,2.460,196.1,0.050
30/09/2024 00:00:00,580.33,580.33,0.000,2.460,196.1,0.050
29/09/2024 00:00:00,579.22,579.22,0.000,2.460,196.1,0.050
26/09/2024 00:00:00,575.48,575.48,0.000,2.460,196.1,0.050
25/09/2024 00:00:00,570.40,570.40,0.000,2.460,196.1,0.050
24/09/2024 00:00:00,568.22,568.22,0.000,2.460,196.1,0.050
23/09/2024 00:00:00,564.20,564.20,0.000,2.460,196.1,0.050
22/09/2024 00:00:00,562.17,562.17,0.000,2.460,196.1,0.050
19/09/2024 00:00:00,559.20,559.20,0.000,2.460,196.1,0.050
18/09/2024 00:00:00,562.08,562.08,0.000,2.460,196.1,0.050
17/09/2024 00:00:00,560.54,560.54,0.000,2.460,196.1,0.050
16/09/2024 00:00:00,564.94,564.94,0.000,2.460,196.1,0.050
15/09/2024 00:00:00,569.52,569.52,0.000,2.460,196.1,0.050
12/09/2024 00:00:00,568.57,568.57,0.000,2.460,196.1,0.050
11/09/2024 00:00:00,565.37,565.37,0.000,2.460,196.1,0.050
10/09/2024 00:00:00,566.06,566.06,0.000,2.460,196.1,0.050
09/09/2024 00:00:00,564.26,564.26,0.000,2.460,196.1,0.050
08/09/2024 00:00:00,563.95,563.95,0.000,2.460,192.1,0.050
05/09/2024 00:00:00,567.62,567.62,0.000,2.460,192.1,0.050
04/09/2024 00:00:00,565.35,565.35,0.000,2.460,192.1,0.050
03/09/2024 00:00:00,568.95,568.95,0.000,2.460,192.1,0.050
02/09/2024 00:00:00,568.46,568.46,0.000,2.460,192.1,0.050
01/09/2024 00:00:00,565.58,565.58,0.000,2.460,192.1,0.050
29/08/2024 00:00:00,561.85,561.85,0.000,2.460,192.1,0.050
28/08/2024 00:00:00,559.78,559.78,0.000,2.460,192.1,0.050
27/08/2024 00:00:00,556.10,556.10,0.000,2.460,192.1,0.050
26/08/2024 00:00:00,554.26,554.26,0.000,2.460,192.1,0.050
25/08/2024 00:00:00,551.87,551.87,0.000,2.460,192.1,0.050
22/08/2024 00:00:00,548.23,548.23,0.000,2.460,192.1,0.050
21/08/2024 00:00:00,545.99,545.99,0.000,2.460,192.1,0.050
20/08/2024 00:00:00,548.84,548.84,0.000,2.460,192.1,0.050
19/08/2024 00:00:00,546.93,546.93,0.000,2.460,192.1,0.050
18/08/2024 00:00:00,549.20,549.20,0.000,2.460,192.1,0.050
15/08/2024 00:00:00,544.27,544.27,0.000,2.460,192.1,0.050
14/08/2024 00:00:00,541.15,541.15,0.000,2.460,192.1,0.050
12/08/2024 00:00:00,537.78,537.78,0.000,2.460,192.1,0.050
11/08/2024 00:00:00,544.30,544.30,0.000,2.460,192.1,0.050
08/08/2024 00:00:00,541.17,541.17,0.000,2.460,192.0,0.050
07/08/2024 00:00:00,538.43,538.43,0.000,2.460,192.0,0.050
06/08/2024 00:00:00,531.10,531.10,0.000,2.460,192.0,0.050
05/08/2024 00:00:00,527.16,527.16,0.000,2.460,192.0,0.050
04/08/2024 00:00:00,537.06,537.06,0.000,2.460,192.0,0.050
01/08/2024 00:00:00,544.46,544.46,0.000,2.460,192.0,0.050
31/07/2024 00:00:00,544.56,544.56,0.000,2.460,192.0,0.050
30/07/2024 00:00:00,542.23,542.23,0.000,2.460,192.0,0.050
29/07/2024 00:00:00,543.82,543.82,0.000,2.460,192.0,0.050
28/07/2024 00:00:00,545.52,545.52,0.000,2.460,192.0,0.050
25/07/2024 00:00:00,553.04,553.04,0.000,2.460,192.0,0.050
24/07/2024 00:00:00,553.71,553.71,0.000,2.460,192.0,0.050
23/07/2024 00:00:00,551.71,551.71,0.000,2.460,192.0,0.050
22/07/2024 00:00:00,547.82,547.82,0.000,2.460,192.0,0.050
21/07/2024 00:00:00,546.63,546.63,0.000,2.460,192.0,0.050
18/07/2024 00:00:00,550.68,550.68,0.000,2.460,192.0,0.050
17/07/2024 00:00:00,551.26,551.26,0.000,2.460,192.0,0.050
16/07/2024 00:00:00,552.00,552.00,0.000,2.460,192.0,0.050
15/07/2024 00:00:00,553.54,553.54,0.000,2.460,192.0,0.050
14/07/2024 00:00:00,554.01,554.01,0.000,2.460,192.0,0.050
11/07/2024 00:00:00,554.09,554.09,0.000,2.460,192.0,0.050
10/07/2024 00:00:00,548.37,548.37,0.000,2.460,192.0,0.050
09/07/2024 00:00:00,549.34,549.34,0.000,2.460,192.0,0.050
08/07/2024 00:00:00,547.49,547.49,0.000,2.460,202.9,0.050
07/07/2024 00:00:00,548.81,548.81
04/07/2024 00:00:00,538.36,538.36,0.000,2.460,202.9,0.050
03/07/2024 00:00:00,534.71,534.71,0.000,2.460,202.9,0.050
02/07/2024 00:00:00,536.27,536.27,0.000,2.460,202.9,0.050
01/07/2024 00:00:00,538.60,538.60,0.000,2.460,202.9,0.050
30/06/2024 00:00:00,538.52,538.52,0.000,2.460,202.9,0.050
27/06/2024 00:00:00,534.12,534.12,0.000,2.460,202.9,0.050
26/06/2024 00:00:00,533.70,533.70,0.000,2.460,202.9,0.050
25/06/2024 00:00:00,531.66,531.66,0.000,2.460,202.9,0.050
24/06/2024 00:00:00,530.11,530.11,0.000,2.460,202.9,0.050
23/06/2024 00:00:00,529.53,529.53,0.000,2.460,202.9,0.050
20/06/2024 00:00:00,532.10,532.10,0.000,2.460,202.9,0.050
19/06/2024 00:00:00,536.25,536.25,0.000,2.460,202.9,0.050
18/06/2024 00:00:00,540.08,540.08,0.000,2.460,202.9,0.050
17/06/2024 00:00:00,543.28,543.28,0.000,2.460,202.9,0.050
16/06/2024 00:00:00,542.09,542.09,0.000,2.460,202.9,0.050
13/06/2024 00:00:00,545.36,545.36,0.000,2.460,202.9,0.050
10/06/2024 00:00:00,543.63,543.63,0.000,2.460,202.9,0.050
09/06/2024 00:00:00,545.96,545.96,0.000,2.460,214.4,0.050
06/06/2024 00:00:00,549.00,549.00,0.000,2.460,214.4,0.050
05/06/2024 00:00:00,554.10,554.10,0.000,2.460,214.4,0.050
04/06/2024 00:00:00,560.29,560.29,0.000,2.460,214.4,0.050
03/06/2024 00:00:00,563.23,563.23,0.000,2.460,214.4,0.050
02/06/2024 00:00:00,563.13,563.13,0.000,2.460,214.4,0.050
30/05/2024 00:00:00,561.07,561.07,0.000,2.460,214.4,0.050
29/05/2024 00:00:00,558.65,558.65,0.000,2.460,214.4,0.050
28/05/2024 00:00:00,558.93,558.93,0.000,2.460,214.4,0.050
27/05/2024 00:00:00,557.31,557.31,0.000,2.460,214.4,0.050
26/05/2024 00:00:00,559.08,559.08,0.000,2.460,214.4,0.050
23/05/2024 00:00:00,554.71,554.71,0.000,2.460,214.4,0.050
22/05/2024 00:00:00,554.21,554.21,0.000,2.460,214.4,0.050
21/05/2024 00:00:00,555.54,555.54,0.000,2.460,214.4,0.050
20/05/2024 00:00:00,558.31,558.31,0.000,2.460,214.4,0.050
19/05/2024 00:00:00,556.98,556.98,0.000,2.460,214.4,0.050
16/05/2024 00:00:00,560.14,560.14,0.000,2.460,214.4,0.050
15/05/2024 00:00:00,565.81,565.81,0.000,2.460,214.4,0.050
12/05/2024 00:00:00,566.55,566.55,0.000,2.460,214.4,0.050
09/05/2024 00:00:00,565.98,565.98,0.000,2.460,214.4,0.050
08/05/2024 00:00:00,566.75,566.75,0.000,2.460,215.1,0.050
07/05/2024 00:00:00,565.69,565.69,0.000,2.460,215.1,0.050
06/05/2024 00:00:00,564.16,564.16,0.000,2.460,215.1,0.050
05/05/2024 00:00:00,567.62,567.62,0.000,2.460,215.1,0.050
02/05/2024 00:00:00,564.21,564.21,0.000,2.460,215.1,0.050
01/05/2024 00:00:00,563.11,563.11,0.000,2.460,215.1,0.050
30/04/2024 00:00:00,567.62,567.62,0.000,2.460,215.1,0.050
25/04/2024 00:00:00,566.16,566.16,0.000,2.460,215.1,0.050
24/04/2024 00:00:00,566.60,566.60,0.000,2.460,215.1,0.050
21/04/2024 00:00:00,561.91,561.91,0.000,2.460,215.1,0.050
18/04/2024 00:00:00,560.34,560.34,0.000,2.460,215.1,0.050
17/04/2024 00:00:00,557.72,557.72,0.000,2.460,215.1,0.050
16/04/2024 00:00:00,559.71,559.71,0.000,2.460,215.1,0.050
15/04/2024 00:00:00,563.11,563.11,0.000,2.460,215.1,0.050
14/04/2024 00:00:00,561.30,561.30,0.000,2.460,215.1,0.050
11/04/2024 00:00:00,561.12,561.12,0.000,2.460,215.1,0.050
10/04/2024 00:00:00,566.94,566.94,0.000,2.460,215.1,0.050
09/04/2024 00:00:00,569.96,569.96,0.000,2.460,215.1,0.050
08/04/2024 00:00:00,570.82,570.82,0.000,2.460,212.6,0.050
07/04/2024 00:00:00,564.68,564.68,0.000,2.460,212.6,0.050
04/04/2024 00:00:00,563.17,563.17,0.000,2.460,212.6,0.050
03/04/2024 00:00:00,565.11,565.11,0.000,2.460,212.6,0.050
02/04/2024 00:00:00,563.51,563.51,0.000,2.460,212.6,0.050
01/04/2024 00:00:00,565.75,565.75,0.000,2.460,212.6,0.050
31/03/2024 00:00:00,566.63,566.63,0.000,2.460,212.6,0.050
28/03/2024 00:00:00,563.22,563.22,0.000,2.460,212.6,0.050
27/03/2024 00:00:00,558.19,558.19,0.000,2.460,212.6,0.050
26/03/2024 00:00:00,558.22,558.22,0.000,2.460,212.6,0.050
25/03/2024 00:00:00,561.69,561.69,0.000,2.460,212.6,0.050
21/03/2024 00:00:00,558.78,558.78,0.000,2.460,212.6,0.050
20/03/2024 00:00:00,556.74,556.74,0.000,2.460,212.6,0.050
19/03/2024 00:00:00,552.90,552.90,0.000,2.460,212.6,0.050
18/03/2024 00:00:00,551.09,551.09,0.000,2.460,212.6,0.050
17/03/2024 00:00:00,547.73,547.73,0.000,2.460,212.6,0.050
14/03/2024 00:00:00,544.31,544.31,0.000,2.460,212.6,0.050
13/03/2024 00:00:00,543.52,543.52,0.000,2.460,212.6,0.050
12/03/2024 00:00:00,543.80,543.80,0.000,2.460,212.6,0.050
11/03/2024 00:00:00,547.40,547.40,0.000,2.460,212.6,0.050
10/03/2024 00:00:00,549.67,549.67,0.000,2.460,199.9,0.050
07/03/2024 00:00:00,552.36,552.36,0.000,2.460,199.9,0.050
06/03/2024 00:00:00,554.52,554.52,0.000,2.460,199.9,0.050
05/03/2024 00:00:00,555.34,555.34,0.000,2.460,199.9,0.050
04/03/2024 00:00:00,556.08,556.08,0.000,2.460,199.9,0.050
03/03/2024 00:00:00,556.76,556.76,0.000,2.460,199.9,0.050
29/02/2024 00:00:00,552.22,552.22,0.000,2.460,199.9,0.050
28/02/2024 00:00:00,549.46,549.46,0.000,2.460,199.9,0.050
26/02/2024 00:00:00,551.14,551.14,0.000,2.460,199.9,0.050
25/02/2024 00:00:00,550.60,550.60,0.000,2.460,199.9,0.050
22/02/2024 00:00:00,546.67,546.67,0.000,2.460,199.9,0.050
21/02/2024 00:00:00,543.46,543.46,0.000,2.460,199.9,0.050
20/02/2024 00:00:00,544.11,544.11,0.000,2.460,199.9,0.050
19/02/2024 00:00:00,542.99,542.99,0.000,2.460,199.9,0.050
18/02/2024 00:00:00,538.12,538.12,0.000,2.460,199.9,0.050
15/02/2024 00:00:00,533.02,533.02,0.000,2.460,199.9,0.050
14/02/2024 00:00:00,530.09,530.09,0.000,2.460,199.9,0.050
13/02/2024 00:00:00,531.02,531.02,0.000,2.460,199.9,0.050
12/02/2024 00:00:00,528.06,528.06,0.000,2.460,199.9,0.050
11/02/2024 00:00:00,527.51,527.51,0.000,2.460,199.9,0.050
08/02/2024 00:00:00,529.64,529.64,0.000,2.460,201.4,0.050
07/02/2024 00:00:00,526.94,526.94,0.000,2.460,201.4,0.050
06/02/2024 00:00:00,525.26,525.26,0.000,2.460,201.4,0.050
05/02/2024 00:00:00,522.35,522.35,0.000,2.460,201.4,0.050
04/02/2024 00:00:00,520.32,520.32,0.000,2.460,201.4,0.050
01/02/2024 00:00:00,519.27,519.27,0.000,2.460,201.4,0.050
31/01/2024 00:00:00,522.08,522.08,0.000,2.460,201.4,0.050
30/01/2024 00:00:00,521.98,521.98,0.000,2.460,201.4,0.050
29/01/2024 00:00:00,520.35,520.35,0.000,2.460,201.4,0.050
28/01/2024 00:00:00,520.31,520.31,0.000,2.460,201.4,0.050
25/01/2024 00:00:00,513.90,513.90,0.000,2.460,201.4,0.050
24/01/2024 00:00:00,512.77,512.77,0.000,2.460,201.4,0.050
23/01/2024 00:00:00,510.34,510.34,0.000,2.460,201.4,0.050
22/01/2024 00:00:00,511.46,511.46,0.000,2.460,201.4,0.050
21/01/2024 00:00:00,513.17,513.17,0.000,2.460,201.4,0.050
18/01/2024 00:00:00,514.19,514.19,0.000,2.460,201.4,0.050
17/01/2024 00:00:00,510.57,510.57,0.000,2.460,201.4,0.050
16/01/2024 00:00:00,512.26,512.26,0.000,2.460,201.4,0.050
15/01/2024 00:00:00,514.93,514.93,0.000,2.460,201.4,0.050
14/01/2024 00:00:00,516.43,516.43,0.000,2.460,201.4,0.050
11/01/2024 00:00:00,515.38,515.38,0.000,2.460,201.4,0.050
10/01/2024 00:00:00,513.18,513.18,0.000,2.460,201.4,0.050
09/01/2024 00:00:00,512.31,512.31,0.000,2.460,201.4,0.050
08/01/2024 00:00:00,512.38,512.38,0.000,2.460,201.4,0.050
07/01/2024 00:00:00,517.28,517.28,0.000,2.460,183.7,0.050
04/01/2024 00:00:00,519.06,519.06,0.000,2.460,183.7,0.050
03/01/2024 00:00:00,516.68,516.68,0.000,2.460,183.7,0.050
02/01/2024 00:00:00,519.90,519.90,0.000,2.460,183.7,0.050
01/01/2024 00:00:00,518.60,518.60,0.000,2.460,183.7,0.050
31/12/2023 00:00:00,506.05,506.05,0.000,2.460,183.7,0.050
28/12/2023 00:00:00,503.59,503.59,0.000,2.460,183.7,0.050
27/12/2023 00:00:00,503.69,503.69,0.000,2.460,183.7,0.050
26/12/2023 00:00:00,499.59,499.59,0.000,2.460,183.7,0.050
25/12/2023 00:00:00,503.52,503.52,0.000,2.460,183.7,0.050
24/12/2023 00:00:00,503.15,503.15,0.000,2.460,183.7,0.050
21/12/2023 00:00:00,505.13,505.13,0.000,2.460,183.7,0.050
20/12/2023 00:00:00,508.85,508.85,0.000,2.460,183.7,0.050
19/12/2023 00:00:00,503.03,503.03,0.000,2.460,183.7,0.050
18/12/2023 00:00:00,499.11,499.11,0.000,2.460,183.7,0.050
17/12/2023 00:00:00,494.66,494.66,0.000,2.460,183.7,0.050
14/12/2023 00:00:00,491.37,491.37,0.000,2.460,183.7,0.050
13/12/2023 00:00:00,481.63,481.63,0.000,2.460,183.7,0.050
12/12/2023 00:00:00,483.55,483.55,0.000,2.460,183.7,0.050
11/12/2023 00:00:00,482.98,482.98,0.000,2.460,183.7,0.050
10/12/2023 00:00:00,487.68,487.68,0.000,2.460,183.7,0.050
07/12/2023 00:00:00,488.27,488.27,0.000,2.460,175.4,0.050
06/12/2023 00:00:00,487.71,487.71,0.000,2.460,175.4,0.050
05/12/2023 00:00:00,485.02,485.02,0.000,2.460,175.4,0.050
04/12/2023 00:00:00,482.32,482.32,0.000,2.460,175.4,0.050
03/12/2023 00:00:00,479.15,479.15,0.000,2.460,175.4,0.050
30/11/2023 00:00:00,474.50,474.50,0.000,2.460,175.4,0.050
29/11/2023 00:00:00,478.98,478.98,0.000,2.460,175.4,0.050
28/11/2023 00:00:00,475.91,475.91,0.000,2.460,175.4,0.050
27/11/2023 00:00:00,473.24,473.24,0.000,2.460,175.4,0.050
26/11/2023 00:00:00,473.82,473.82,0.000,2.460,175.4,0.050
23/11/2023 00:00:00,471.13,471.13,0.000,2.460,175.4,0.050
22/11/2023 00:00:00,471.02,471.02,0.000,2.460,175.4,0.050
21/11/2023 00:00:00,468.23,468.23,0.000,2.460,175.4,0.050
20/11/2023 00:00:00,464.70,464.70,0.000,2.460,175.4,0.050
19/11/2023 00:00:00,463.32,463.32,0.000,2.460,175.4,0.050
16/11/2023 00:00:00,463.19,463.19,0.000,2.460,175.4,0.050
15/11/2023 00:00:00,459.09,459.09,0.000,2.460,175.4,0.050
14/11/2023 00:00:00,455.53,455.53,0.000,2.460,175.4,0.050
13/11/2023 00:00:00,449.96,449.96,0.000,2.460,175.4,0.050
12/11/2023 00:00:00,455.78,455.78,0.000,2.460,175.4,0.050
09/11/2023 00:00:00,456.95,456.95,0.000,2.460,175.4,0.050
08/11/2023 00:00:00,457.53,457.53,0.000,2.460,175.4,0.050
07/11/2023 00:00:00,454.11,454.11,0.000,2.460,199.8,0.050
06/11/2023 00:00:00,453.07,453.07,0.000,2.460,199.8,0.050
05/11/2023 00:00:00,453.73,453.73,0.000,2.460,199.8,0.050
02/11/2023 00:00:00,443.09,443.09,0.000,2.460,199.8,0.050
01/11/2023 00:00:00,449.49,449.49,0.000,2.460,199.8,0.050
31/10/2023 00:00:00,447.60,447.60,0.000,2.460,199.8,0.050
30/10/2023 00:00:00,445.22,445.22,0.000,2.460,199.8,0.050
29/10/2023 00:00:00,440.06,440.06,0.000,2.460,199.8,0.050
26/10/2023 00:00:00,436.25,436.25,0.000,2.460,199.8,0.050
25/10/2023 00:00:00,441.95,441.95,0.000,2.460,199.8,0.050
24/10/2023 00:00:00,444.61,444.61,0.000,2.460,199.8,0.050
23/10/2023 00:00:00,444.75,444.75,0.000,2.460,199.8,0.050
22/10/2023 00:00:00,449.19,449.19,0.000,2.460,199.8,0.050
19/10/2023 00:00:00,457.95,457.95,0.000,2.460,199.8,0.050
18/10/2023 00:00:00,462.41,462.41,0.000,2.460,199.8,0.050
17/10/2023 00:00:00,462.81,462.81,0.000,2.460,199.8,0.050
16/10/2023 00:00:00,463.79,463.79,0.000,2.460,199.8,0.050
15/10/2023 00:00:00,457.52,457.52,0.000,2.460,199.8,0.050
12/10/2023 00:00:00,471.25,471.25,0.000,2.460,199.8,0.050
11/10/2023 00:00:00,471.06,471.06,0.000,2.460,199.8,0.050
10/10/2023 00:00:00,473.87,473.87,0.000,2.460,199.8,0.050
09/10/2023 00:00:00,463.76,463.76,0.000,2.460,199.8,0.050
08/10/2023 00:00:00,472.33,472.33,0.000,2.460,199.8,0.050
05/10/2023 00:00:00,497.02,497.02,0.000,2.460,207.9,0.050
04/10/2023 00:00:00,497.82,497.82,0.000,2.460,207.9,0.050
03/10/2023 00:00:00,503.13,503.13,0.000,2.460,207.9,0.050
02/10/2023 00:00:00,503.89,503.89,0.000,2.460,207.9,0.050
01/10/2023 00:00:00,502.75,502.75,0.000,2.460,207.9,0.050
28/09/2023 00:00:00,496.55,496.55,0.000,2.460,207.9,0.050
27/09/2023 00:00:00,493.06,493.06,0.000,2.460,207.9,0.050
26/09/2023 00:00:00,493.99,493.99,0.000,2.460,207.9,0.050
21/09/2023 00:00:00,497.07,497.07,0.000,2.460,207.9,0.050
20/09/2023 00:00:00,499.71,499.71,0.000,2.460,207.9,0.050
19/09/2023 00:00:00,497.77,497.77,0.000,2.460,207.9,0.050
18/09/2023 00:00:00,497.43,497.43,0.000,2.460,207.9,0.050
14/09/2023 00:00:00,497.94,497.94,0.000,2.460,207.9,0.050
13/09/2023 00:00:00,497.69,497.69,0.000,2.460,207.9,0.050
12/09/2023 00:00:00,498.86,498.86,0.000,2.460,207.9,0.050
11/09/2023 00:00:00,495.68,495.68,0.000,2.460,207.9,0.050
10/09/2023 00:00:00,497.26,497.26,0.000,2.460,207.9,0.050
07/09/2023 00:00:00,498.85,498.85,0.000,2.460,215.1,0.050
06/09/2023 00:00:00,501.45,501.45,0.000,2.460,215.1,0.050
05/09/2023 00:00:00,500.66,500.66,0.000,2.460,215.1,0.050
04/09/2023 00:00:00,500.52,500.52,0.000,2.460,215.1,0.050
03/09/2023 00:00:00,504.31,504.31,0.000,2.460,215.1,0.050
31/08/2023 00:00:00,506.58,506.58,0.000,2.460,215.1,0.050
30/08/2023 00:00:00,504.88,504.88,0.000,2.460,215.1,0.050
29/08/2023 00:00:00,501.83,501.83,0.000,2.460,215.1,0.050
28/08/2023 00:00:00,503.57,503.57,0.000,2.460,215.1,0.050
27/08/2023 00:00:00,504.32,504.32,0.000,2.460,215.1,0.050
24/08/2023 00:00:00,506.14,506.14,0.000,2.460,215.1,0.050
23/08/2023 00:00:00,505.86,505.86,0.000,2.460,215.1,0.050
22/08/2023 00:00:00,504.72,504.72,0.000,2.460,215.1,0.050
21/08/2023 00:00:00,504.90,504.90,0.000,2.460,215.1,0.050
20/08/2023 00:00:00,505.65,505.65,0.000,2.460,215.1,0.050
17/08/2023 00:00:00,506.60,506.60,0.000,2.460,215.1,0.050
16/08/2023 00:00:00,507.98,507.98,0.000,2.460,215.1,0.050
15/08/2023 00:00:00,510.79,510.79,0.000,2.460,215.1,0.050
14/08/2023 00:00:00,512.58,512.58,0.000,2.460,215.1,0.050
13/08/2023 00:00:00,514.26,514.26,0.000,2.460,215.1,0.050
10/08/2023 00:00:00,518.53,518.53,0.000,2.460,215.1,0.050
09/08/2023 00:00:00,519.87,519.87,0.000,2.460,215.1,0.050
08/08/2023 00:00:00,516.51,516.51,0.000,2.460,215.1,0.050
07/08/2023 00:00:00,515.92,515.92,0.000,2.460,211.3,0.050
06/08/2023 00:00:00,513.87,513.87,0.000,2.460,211.3,0.050
03/08/2023 00:00:00,505.99,505.99,0.000,2.460,211.3,0.050
02/08/2023 00:00:00,511.15,511.15,0.000,2.460,211.3,0.050
01/08/2023 00:00:00,515.10,515.10,0.000,2.460,211.3,0.050
31/07/2023 00:00:00,514.42,514.42,0.000,2.460,211.3,0.050
30/07/2023 00:00:00,512.44,512.44,0.000,2.460,211.3,0.050
26/07/2023 00:00:00,506.69,506.69,0.000,2.460,211.3,0.050
25/07/2023 00:00:00,504.15,504.15,0.000,2.460,211.3,0.050
24/07/2023 00:00:00,516.91,516.91,0.000,2.460,211.3,0.050
23/07/2023 00:00:00,527.78,527.78,0.000,2.460,211.3,0.050
20/07/2023 00:00:00,527.11,527.11,0.000,2.460,211.3,0.050
19/07/2023 00:00:00,527.29,527.29,0.000,2.460,211.3,0.050
18/07/2023 00:00:00,523.28,523.28,0.000,2.460,211.3,0.050
17/07/2023 00:00:00,517.98,517.98,0.000,2.460,211.3,0.050
16/07/2023 00:00:00,514.56,514.56,0.000,2.460,211.3,0.050
13/07/2023 00:00:00,510.93,510.93,0.000,2.460,211.3,0.050
12/07/2023 00:00:00,508.33,508.33,0.000,2.460,211.3,0.050
11/07/2023 00:00:00,503.62,503.62,0.000,2.460,211.3,0.050
10/07/2023 00:00:00,502.67,502.67,0.000,2.460,211.3,0.050
09/07/2023 00:00:00,502.97,502.97,0.000,2.460,211.3,0.050
06/07/2023 00:00:00,503.90,503.90,0.000,2.460,208.0,0.050
05/07/2023 00:00:00,506.39,506.39,0.000,2.460,208.0,0.050
04/07/2023 00:00:00,505.45,505.45,0.000,2.460,208.0,0.050
03/07/2023 00:00:00,502.39,502.39,0.000,2.460,208.0,0.050
02/07/2023 00:00:00,502.80,502.80,0.000,2.460,208.0,0.050
29/06/2023 00:00:00,499.97,499.97,0.000,2.460,208.0,0.050
28/06/2023 00:00:00,500.15,500.15,0.000,2.460,208.0,0.050
27/06/2023 00:00:00,500.39,500.39,0.000,2.460,208.0,0.050
26/06/2023 00:00:00,502.29,502.29,0.000,2.460,208.0,0.050
25/06/2023 00:00:00,503.36,503.36,0.000,2.460,208.0,0.050
22/06/2023 00:00:00,506.82,506.82,0.000,2.460,208.0,0.050
21/06/2023 00:00:00,508.25,508.25,0.000,2.460,208.0,0.050
20/06/2023 00:00:00,510.44,510.44,0.000,2.460,208.0,0.050
19/06/2023 00:00:00,509.60,509.60,0.000,2.460,208.0,0.050
18/06/2023 00:00:00,507.45,507.45,0.000,2.460,208.0,0.050
15/06/2023 00:00:00,505.99,505.99,0.000,2.460,208.0,0.050
14/06/2023 00:00:00,501.41,501.41,0.000,2.460,208.0,0.050
13/06/2023 00:00:00,502.07,502.07,0.000,2.460,208.0,0.050
12/06/2023 00:00:00,499.28,499.28,0.000,2.460,208.0,0.050
11/06/2023 00:00:00,496.02,496.02,0.000,2.460,208.0,0.050
08/06/2023 00:00:00,493.95,493.95,0.000,2.460,203.8,0.050
07/06/2023 00:00:00,494.29,494.29,0.000,2.460,203.8,0.050
06/06/2023 00:00:00,490.01,490.01,0.000,2.460,203.8,0.050
05/06/2023 00:00:00,491.12,491.12,0.000,2.460,203.8,0.050
04/06/2023 00:00:00,491.66,491.66,0.000,2.460,203.8,0.050
01/06/2023 00:00:00,487.16,487.16,0.000,2.460,203.8,0.050
31/05/2023 00:00:00,489.32,489.32,0.000,2.460,203.8,0.050
30/05/2023 00:00:00,489.35,489.35,0.000,2.460,203.8,0.050
29/05/2023 00:00:00,489.18,489.18,0.000,2.460,203.8,0.050
28/05/2023 00:00:00,494.33,494.33,0.000,2.460,203.8,0.050
24/05/2023 00:00:00,490.24,490.24,0.000,2.460,203.8,0.050
23/05/2023 00:00:00,493.09,493.09,0.000,2.460,203.8,0.050
22/05/2023 00:00:00,495.95,495.95,0.000,2.460,203.8,0.050
21/05/2023 00:00:00,497.62,497.62,0.000,2.460,203.8,0.050
18/05/2023 00:00:00,497.23,497.23,0.000,2.460,203.8,0.050
17/05/2023 00:00:00,497.19,497.19,0.000,2.460,203.8,0.050
16/05/2023 00:00:00,495.98,495.98,0.000,2.460,203.8,0.050
15/05/2023 00:00:00,499.97,499.97,0.000,2.460,203.8,0.050
14/05/2023 00:00:00,499.25,499.25,0.000,2.460,203.8,0.050
11/05/2023 00:00:00,498.13,498.13,0.000,2.460,203.8,0.050
10/05/2023 00:00:00,494.40,494.40,0.000,2.460,203.8,0.050
09/05/2023 00:00:00,492.32,492.32,0.000,2.460,203.8,0.050
08/05/2023 00:00:00,494.36,494.36,0.000,2.460,203.8,0.050
07/05/2023 00:00:00,495.53,495.53,0.000,2.460,202.8,0.050
04/05/2023 00:00:00,492.38,492.38,0.000,2.460,202.8,0.050
03/05/2023 00:00:00,487.55,487.55,0.000,2.460,202.8,0.050
02/05/2023 00:00:00,484.72,484.72,0.000,2.460,202.8,0.050
01/05/2023 00:00:00,481.82,481.82,0.000,2.460,202.8,0.050
30/04/2023 00:00:00,476.58,476.58,0.000,2.460,202.8,0.050
27/04/2023 00:00:00,470.77,470.77,0.000,2.460,202.8,0.050
24/04/2023 00:00:00,467.85,467.85,0.000,2.460,202.8,0.050
23/04/2023 00:00:00,468.00,468.00,0.000,2.460,202.8,0.050
20/04/2023 00:00:00,465.28,465.28,0.000,2.460,202.8,0.050
19/04/2023 00:00:00,467.24,467.24,0.000,2.460,202.8,0.050
18/04/2023 00:00:00,469.80,469.80,0.000,2.460,212.0,0.050
17/04/2023 00:00:00,469.05,469.05,0.000,2.460,212.0,0.050
16/04/2023 00:00:00,474.59,474.59,0.000,2.460,212.0,0.050
13/04/2023 00:00:00,476.71,476.71,0.000,2.460,212.0,0.050
10/04/2023 00:00:00,477.92,477.92,0.000,2.460,212.0,0.050
09/04/2023 00:00:00,476.07,476.07,0.000,2.460,212.0,0.050
04/04/2023 00:00:00,474.12,474.12,0.000,2.460,212.0,0.050
03/04/2023 00:00:00,471.41,471.41,0.000,2.460,212.0,0.050
02/04/2023 00:00:00,472.36,472.36,0.000,2.460,212.0,0.050
30/03/2023 00:00:00,465.46,465.46,0.000,2.460,212.0,0.050
29/03/2023 00:00:00,460.57,460.57,0.000,2.460,212.0,0.050
28/03/2023 00:00:00,465.67,465.67,0.000,2.460,212.0,0.050
27/03/2023 00:00:00,466.98,466.98,0.000,2.460,212.0,0.050
26/03/2023 00:00:00,462.38,462.38,0.000,2.460,212.0,0.050
23/03/2023 00:00:00,465.45,465.45,0.000,2.460,212.0,0.050
22/03/2023 00:00:00,462.67,462.67,0.000,2.460,212.0,0.050
21/03/2023 00:00:00,461.73,461.73,0.000,2.460,212.0,0.050
20/03/2023 00:00:00,460.96,460.96,0.000,2.460,212.0,0.050
19/03/2023 00:00:00,457.94,457.94,0.000,2.460,212.0,0.050
16/03/2023 00:00:00,458.92,458.92,0.000,2.460,212.0,0.050
15/03/2023 00:00:00,462.12,462.12,0.000,2.460,212.0,0.050
14/03/2023 00:00:00,462.60,462.60,0.000,2.460,212.0,0.050
13/03/2023 00:00:00,460.25,460.25,0.000,2.460,212.0,0.050
12/03/2023 00:00:00,465.11,465.11,0.000,2.460,212.0,0.050
09/03/2023 00:00:00,475.37,475.37,0.000,2.460,238.9,0.050
08/03/2023 00:00:00,475.44,475.44,0.000,2.460,238.9,0.050
06/03/2023 00:00:00,478.11,478.11,0.000,2.460,238.9,0.050
05/03/2023 00:00:00,474.41,474.41,0.000,2.460,238.9,0.050
02/03/2023 00:00:00,469.35,469.35,0.000,2.460,238.9,0.050
01/03/2023 00:00:00,474.39,474.39,0.000,2.460,238.9,0.050
28/02/2023 00:00:00,472.92,472.92,0.000,2.460,238.9,0.050
27/02/2023 00:00:00,473.06,473.06,0.000,2.460,238.9,0.050
26/02/2023 00:00:00,472.80,472.80,0.000,2.460,238.9,0.050
23/02/2023 00:00:00,487.36,487.36,0.000,2.460,238.9,0.050
22/02/2023 00:00:00,489.73,489.73,0.000,2.460,238.9,0.050
21/02/2023 00:00:00,496.06,496.06,0.000,2.460,238.9,0.050
20/02/2023 00:00:00,506.18,506.18,0.000,2.460,238.9,0.050
19/02/2023 00:00:00,506.16,506.16,0.000,2.460,238.9,0.050
16/02/2023 00:00:00,507.39,507.39,0.000,2.460,238.9,0.050
15/02/2023 00:00:00,509.04,509.04,0.000,2.460,238.9,0.050
14/02/2023 00:00:00,508.14,508.14,0.000,2.460,238.9,0.050
13/02/2023 00:00:00,505.99,505.99,0.000,2.460,238.9,0.050
12/02/2023 00:00:00,504.82,504.82,0.000,2.460,238.9,0.050
09/02/2023 00:00:00,514.03,514.03,0.000,2.460,238.9,0.050
08/02/2023 00:00:00,516.16,516.16,0.000,2.460,238.9,0.050
07/02/2023 00:00:00,516.97,516.97,0.000,2.460,237.3,0.050
06/02/2023 00:00:00,518.00,518.00,0.000,2.460,237.3,0.050
05/02/2023 00:00:00,522.82,522.82,0.000,2.460,237.3,0.050
02/02/2023 00:00:00,527.16,527.16,0.000,2.460,237.3,0.050
01/02/2023 00:00:00,517.79,517.79,0.000,2.460,237.3,0.050
31/01/2023 00:00:00,512.15,512.15,0.000,2.460,237.3,0.050
30/01/2023 00:00:00,507.01,507.01,0.000,2.460,237.3,0.050
29/01/2023 00:00:00,506.76,506.76,0.000,2.460,237.3,0.050
26/01/2023 00:00:00,515.42,515.42,0.000,2.460,237.3,0.050
25/01/2023 00:00:00,520.50,520.50,0.000,2.460,237.3,0.050
24/01/2023 00:00:00,528.39,528.39,0.000,2.460,237.3,0.050
23/01/2023 00:00:00,531.81,531.81,0.000,2.460,237.3,0.050
22/01/2023 00:00:00,533.96,533.96,0.000,2.460,237.3,0.050
19/01/2023 00:00:00,531.60,531.60,0.000,2.460,237.3,0.050
18/01/2023 00:00:00,539.85,539.85,0.000,2.460,237.3,0.050
17/01/2023 00:00:00,539.02,539.02,0.000,2.460,237.3,0.050
16/01/2023 00:00:00,541.01,541.01,0.000,2.460,237.3,0.050
15/01/2023 00:00:00,538.59,538.59,0.000,2.460,237.3,0.050
12/01/2023 00:00:00,532.70,532.70,0.000,2.460,237.3,0.050
11/01/2023 00:00:00,529.82,529.82,0.000,2.460,237.3,0.050
10/01/2023 00:00:00,530.42,530.42,0.000,2.460,237.3,0.050
09/01/2023 00:00:00,534.59,534.59,0.000,2.460,237.3,0.050
08/01/2023 00:00:00,532.80,532.80,0.000,2.460,237.3,0.050
05/01/2023 00:00:00,526.92,526.92,0.000,2.460,267.7,0.050
04/01/2023 00:00:00,524.68,524.68,0.000,2.460,267.7,0.050
03/01/2023 00:00:00,523.08,523.08,0.000,2.460,267.7,0.050
02/01/2023 00:00:00,519.70,519.70,0.000,2.460,267.7,0.050
01/01/2023 00:00:00,513.04,513.04,0.000,2.460,267.7,0.050
29/12/2022 00:00:00,503.15,503.15,0.000,2.460,267.7,0.050
28/12/2022 00:00:00,500.69,500.69,0.000,2.460,267.7,0.050
27/12/2022 00:00:00,504.72,504.72,0.000,2.460,267.7,0.050
26/12/2022 00:00:00,504.30,504.30,0.000,2.460,267.7,0.050
25/12/2022 00:00:00,508.90,508.90,0.000,2.460,267.7,0.050
22/12/2022 00:00:00,513.70,513.70,0.000,2.460,267.7,0.050
21/12/2022 00:00:00,514.61,514.61,0.000,2.460,267.7,0.050
20/12/2022 00:00:00,512.63,512.63,0.000,2.460,267.7,0.050
19/12/2022 00:00:00,516.76,516.76,0.000,2.460,267.7,0.050
18/12/2022 00:00:00,514.80,514.80,0.000,2.460,267.7,0.050
15/12/2022 00:00:00,515.93,515.93,0.000,2.460,267.7,0.050
14/12/2022 00:00:00,521.81,521.81,0.000,2.460,267.7,0.050
13/12/2022 00:00:00,522.76,522.76,0.000,2.460,267.7,0.050
12/12/2022 00:00:00,520.38,520.38,0.000,2.460,267.7,0.050
11/12/2022 00:00:00,526.61,526.61,0.000,2.460,267.7,0.050
08/12/2022 00:00:00,529.51,529.51,0.000,2.460,288.0,0.050
07/12/2022 00:00:00,532.69,532.69,0.000,2.460,288.0,0.050
06/12/2022 00:00:00,539.17,539.17,0.000,2.460,288.0,0.050
05/12/2022 00:00:00,544.39,544.39,0.000,2.460,288.0,0.050
04/12/2022 00:00:00,549.90,549.90,0.000,2.460,288.0,0.050
01/12/2022 00:00:00,551.20,551.20,0.000,2.460,288.0,0.050
30/11/2022 00:00:00,547.54,547.54,0.000,2.460,288.0,0.050
29/11/2022 00:00:00,549.86,549.86,0.000,2.460,288.0,0.050
28/11/2022 00:00:00,551.36,551.36,0.000,2.460,288.0,0.050
27/11/2022 00:00:00,554.69,554.69,0.000,2.460,288.0,0.050
24/11/2022 00:00:00,557.05,557.05,0.000,2.460,288.0,0.050
23/11/2022 00:00:00,556.78,556.78,0.000,2.460,288.0,0.050
22/11/2022 00:00:00,562.38,562.38,0.000,2.460,288.0,0.050
21/11/2022 00:00:00,566.54,566.54,0.000,2.460,288.0,0.050
20/11/2022 00:00:00,570.97,570.97,0.000,2.460,288.0,0.050
17/11/2022 00:00:00,571.92,571.92,0.000,2.460,288.0,0.050
16/11/2022 00:00:00,576.45,576.45,0.000,2.460,288.0,0.050
15/11/2022 00:00:00,580.70,580.70,0.000,2.460,288.0,0.050
14/11/2022 00:00:00,576.03,576.03,0.000,2.460,288.0,0.050
13/11/2022 00:00:00,580.00,580.00,0.000,2.460,288.0,0.050
10/11/2022 00:00:00,574.26,574.26,0.000,2.460,288.0,0.050
09/11/2022 00:00:00,566.36,566.36,0.000,2.460,288.0,0.050
08/11/2022 00:00:00,567.23,567.23,0.000,2.460,298.6,0.050
07/11/2022 00:00:00,567.92,567.92,0.000,2.460,298.6,0.050
06/11/2022 00:00:00,571.87,571.87,0.000,2.460,298.6,0.050
03/11/2022 00:00:00,570.34,570.34,0.000,2.460,298.6,0.050
02/11/2022 00:00:00,582.05,582.05,0.000,2.460,298.6,0.050
31/10/2022 00:00:00,582.85,582.85,0.000,2.460,298.6,0.050
30/10/2022 00:00:00,586.48,586.48,0.000,2.460,298.6,0.050
27/10/2022 00:00:00,584.62,584.62,0.000,2.460,298.6,0.050
26/10/2022 00:00:00,586.42,586.42,0.000,2.460,298.6,0.050
25/10/2022 00:00:00,584.92,584.92,0.000,2.460,298.6,0.050
24/10/2022 00:00:00,584.35,584.35,0.000,2.460,298.6,0.050
23/10/2022 00:00:00,588.47,588.47,0.000,2.460,298.6,0.050
20/10/2022 00:00:00,585.76,585.76,0.000,2.460,298.6,0.050
19/10/2022 00:00:00,589.17,589.17,0.000,2.460,298.6,0.050
18/10/2022 00:00:00,591.09,591.09,0.000,2.460,298.6,0.050
13/10/2022 00:00:00,586.74,586.74,0.000,2.460,298.6,0.050
12/10/2022 00:00:00,585.42,585.42,0.000,2.460,331.1,0.050
11/10/2022 00:00:00,583.17,583.17,0.000,2.460,331.1,0.050
06/10/2022 00:00:00,591.20,591.20,0.000,2.460,331.1,0.050
03/10/2022 00:00:00,588.03,588.03,0.000,2.460,331.1,0.050
02/10/2022 00:00:00,584.63,584.63,0.000,2.460,331.1,0.050
29/09/2022 00:00:00,599.16,599.16,0.000,2.460,331.1,0.050
28/09/2022 00:00:00,600.75,600.75,0.000,2.460,331.1,0.050
22/09/2022 00:00:00,614.49,614.49,0.000,2.460,331.1,0.050
21/09/2022 00:00:00,619.29,619.29,0.000,2.460,331.1,0.050
20/09/2022 00:00:00,620.55,620.55,0.000,2.460,331.1,0.050
19/09/2022 00:00:00,621.57,621.57,0.000,2.460,331.1,0.050
18/09/2022 00:00:00,624.68,624.68,0.000,2.460,331.1,0.050
15/09/2022 00:00:00,629.70,629.70,0.000,2.460,331.1,0.050
14/09/2022 00:00:00,631.03,631.03,0.000,2.460,331.1,0.050
13/09/2022 00:00:00,637.36,637.36,0.000,2.460,331.1,0.050
12/09/2022 00:00:00,641.18,641.18,0.000,2.460,331.1,0.050
11/09/2022 00:00:00,643.33,643.33,0.000,2.460,331.1,0.050
08/09/2022 00:00:00,641.10,641.10,0.000,2.460,330.2,0.050
07/09/2022 00:00:00,639.18,639.18,0.000,2.460,330.2,0.050
06/09/2022 00:00:00,643.27,643.27,0.000,2.460,330.2,0.050
05/09/2022 00:00:00,646.17,646.17,0.000,2.460,330.2,0.050
04/09/2022 00:00:00,648.45,648.45,0.000,2.460,330.2,0.050
01/09/2022 00:00:00,649.97,649.97,0.000,2.460,330.2,0.050
31/08/2022 00:00:00,653.27,653.27,0.000,2.460,330.2,0.050
30/08/2022 00:00:00,651.99,651.99,0.000,2.460,330.2,0.050
29/08/2022 00:00:00,651.97,651.97,0.000,2.460,330.2,0.050
28/08/2022 00:00:00,654.50,654.50,0.000,2.460,330.2,0.050
25/08/2022 00:00:00,659.02,659.02,0.000,2.460,330.2,0.050
24/08/2022 00:00:00,657.53,657.53,0.000,2.460,330.2,0.050
23/08/2022 00:00:00,654.94,654.94,0.000,2.460,330.2,0.050
22/08/2022 00:00:00,657.62,657.62,0.000,2.460,330.2,0.050
21/08/2022 00:00:00,661.75,661.75,0.000,2.460,330.2,0.050
18/08/2022 00:00:00,662.14,662.14,0.000,2.460,330.2,0.050
17/08/2022 00:00:00,659.20,659.20,0.000,2.460,330.2,0.050
16/08/2022 00:00:00,662.54,662.54,0.000,2.460,330.2,0.050
15/08/2022 00:00:00,664.05,664.05,0.000,2.460,330.2,0.050
14/08/2022 00:00:00,666.49,666.49,0.000,2.460,330.2,0.050
11/08/2022 00:00:00,662.46,662.46,0.000,2.460,330.2,0.050
10/08/2022 00:00:00,660.07,660.07,0.000,2.460,330.2,0.050
09/08/2022 00:00:00,653.89,653.89,0.000,2.460,330.2,0.050
08/08/2022 00:00:00,656.66,656.66,0.000,2.460,317.1,0.050
04/08/2022 00:00:00,650.98,650.98,0.000,2.460,317.1,0.050
03/08/2022 00:00:00,650.93,650.93,0.000,2.460,317.1,0.050
02/08/2022 00:00:00,648.95,648.95,0.000,2.460,317.1,0.050
01/08/2022 00:00:00,654.00,654.00,0.000,2.460,317.1,0.050
31/07/2022 00:00:00,657.38,657.38,0.000,2.460,317.1,0.050
28/07/2022 00:00:00,650.69,650.69,0.000,2.460,317.1,0.050
27/07/2022 00:00:00,649.40,649.40,0.000,2.460,317.1,0.050
26/07/2022 00:00:00,648.37,648.37,0.000,2.460,317.1,0.050
25/07/2022 00:00:00,650.13,650.13,0.000,2.460,317.1,0.050
24/07/2022 00:00:00,648.94,648.94,0.000,2.460,317.1,0.050
21/07/2022 00:00:00,648.26,648.26,0.000,2.460,317.1,0.050
20/07/2022 00:00:00,643.85,643.85,0.000,2.460,317.1,0.050
19/07/2022 00:00:00,641.30,641.30,0.000,2.460,317.1,0.050
18/07/2022 00:00:00,642.52,642.52,0.000,2.460,317.1,0.050
17/07/2022 00:00:00,640.54,640.54,0.000,2.460,317.1,0.050
14/07/2022 00:00:00,635.01,635.01,0.000,2.460,317.1,0.050
13/07/2022 00:00:00,636.10,636.10,0.000,2.460,317.1,0.050
12/07/2022 00:00:00,637.09,637.09,0.000,2.460,317.1,0.050
11/07/2022 00:00:00,637.19,637.19,0.000,2.460,317.1,0.050
10/07/2022 00:00:00,637.08,637.08,0.000,2.460,317.1,0.050
07/07/2022 00:00:00,631.90,631.90,0.000,2.460,324.5,0.050
06/07/2022 00:00:00,625.45,625.45,0.000,2.460,324.5,0.050
05/07/2022 00:00:00,627.76,627.76,0.000,2.460,324.5,0.050
04/07/2022 00:00:00,632.06,632.06,0.000,2.460,324.5,0.050
03/07/2022 00:00:00,635.12,635.12,0.000,2.460,324.5,0.050
30/06/2022 00:00:00,631.84,631.84,0.000,2.460,324.5,0.050
29/06/2022 00:00:00,633.05,633.05,0.000,2.460,324.5,0.050
28/06/2022 00:00:00,634.54,634.54,0.000,2.460,324.5,0.050
27/06/2022 00:00:00,634.03,634.03,0.000,2.460,324.5,0.050
26/06/2022 00:00:00,633.13,633.13,0.000,2.460,324.5,0.050
23/06/2022 00:00:00,622.34,622.34,0.000,2.460,324.5,0.050
22/06/2022 00:00:00,621.53,621.53,0.000,2.460,324.5,0.050
21/06/2022 00:00:00,619.21,619.21,0.000,2.460,324.5,0.050
20/06/2022 00:00:00,609.51,609.51,0.000,2.460,324.5,0.050
19/06/2022 00:00:00,601.95,601.95,0.000,2.460,324.5,0.050
16/06/2022 00:00:00,599.21,599.21,0.000,2.460,324.5,0.050
15/06/2022 00:00:00,608.53,608.53,0.000,2.460,324.5,0.050
14/06/2022 00:00:00,606.56,606.56,0.000,2.460,324.5,0.050
13/06/2022 00:00:00,610.74,610.74,0.000,2.460,324.5,0.050
12/06/2022 00:00:00,623.63,623.63,0.000,2.460,324.5,0.050
09/06/2022 00:00:00,642.07,642.07,0.000,2.460,363.3,0.050
08/06/2022 00:00:00,646.16,646.16,0.000,2.460,363.3,0.050
07/06/2022 00:00:00,646.75,646.75,0.000,2.460,363.3,0.050
06/06/2022 00:00:00,652.86,652.86,0.000,2.460,363.3,0.050
02/06/2022 00:00:00,652.95,652.95,0.000,2.460,363.3,0.050
01/06/2022 00:00:00,653.10,653.10,0.000,2.460,363.3,0.050
31/05/2022 00:00:00,641.93,641.93,0.000,2.460,363.3,0.050
30/05/2022 00:00:00,641.99,641.99,0.000,2.460,363.3,0.050
29/05/2022 00:00:00,639.80,639.80,0.000,2.460,363.3,0.050
26/05/2022 00:00:00,627.44,627.44,0.000,2.460,363.3,0.050
25/05/2022 00:00:00,622.50,622.50,0.000,2.460,363.3,0.050
24/05/2022 00:00:00,632.27,632.27,0.000,2.460,363.3,0.050
23/05/2022 00:00:00,643.57,643.57,0.000,2.460,363.3,0.050
22/05/2022 00:00:00,643.60,643.60,0.000,2.460,363.3,0.050
19/05/2022 00:00:00,639.48,639.48,0.000,2.460,363.3,0.050
18/05/2022 00:00:00,656.01,656.01,0.000,2.460,363.3,0.050
17/05/2022 00:00:00,656.51,656.51,0.000,2.460,363.3,0.050
16/05/2022 00:00:00,648.89,648.89,0.000,2.460,363.3,0.050
15/05/2022 00:00:00,648.35,648.35,0.000,2.460,363.3,0.050
12/05/2022 00:00:00,642.24,642.24,0.000,2.460,363.3,0.050
11/05/2022 00:00:00,651.84,651.84,0.000,2.460,363.3,0.050
10/05/2022 00:00:00,646.19,646.19,0.000,2.460,363.3,0.050
09/05/2022 00:00:00,644.73,644.73,0.000,2.460,362.9,0.050
08/05/2022 00:00:00,659.35,659.35,0.000,2.460,362.9,0.050
03/05/2022 00:00:00,678.73,678.73,0.000,2.460,362.9,0.050
02/05/2022 00:00:00,680.20,680.20,0.000,2.460,362.9,0.050
01/05/2022 00:00:00,693.58,693.58,0.000,2.460,362.9,0.050
28/04/2022 00:00:00,704.23,704.23,0.000,2.460,362.9,0.050
27/04/2022 00:00:00,699.90,699.90,0.000,2.460,362.9,0.050
26/04/2022 00:00:00,705.53,705.53,0.000,2.460,362.9,0.050
25/04/2022 00:00:00,703.53,703.53,0.000,2.460,362.9,0.050
24/04/2022 00:00:00,706.15,706.15,0.000,2.460,362.9,0.050
20/04/2022 00:00:00,716.71,716.71,0.000,2.460,362.9,0.050
19/04/2022 00:00:00,711.42,711.42,0.000,2.460,362.9,0.050
18/04/2022 00:00:00,707.45,707.45,0.000,2.460,362.9,0.050
17/04/2022 00:00:00,706.82,706.82,0.000,2.460,362.9,0.050
14/04/2022 00:00:00,706.02,706.02,0.000,2.460,362.9,0.050
13/04/2022 00:00:00,703.01,703.01,0.000,2.460,362.9,0.050
12/04/2022 00:00:00,703.52,703.52,0.000,2.460,362.9,0.050
11/04/2022 00:00:00,703.56,703.56,0.000,2.460,362.9,0.050
10/04/2022 00:00:00,705.95,705.95,0.000,2.460,362.9,0.050
07/04/2022 00:00:00,705.77,705.77,0.000,2.460,356.8,0.050
06/04/2022 00:00:00,711.91,711.91,0.000,2.460,356.8,0.050
05/04/2022 00:00:00,716.57,716.57,0.000,2.460,356.8,0.050
04/04/2022 00:00:00,711.18,711.18,0.000,2.460,356.8,0.050
03/04/2022 00:00:00,709.22,709.22,0.000,2.460,356.8,0.050
31/03/2022 00:00:00,703.32,703.32,0.000,2.460,356.8,0.050
30/03/2022 00:00:00,702.12,702.12,0.000,2.460,356.8,0.050
29/03/2022 00:00:00,705.86,705.86,0.000,2.460,356.8,0.050
28/03/2022 00:00:00,705.06,705.06,0.000,2.460,356.8,0.050
27/03/2022 00:00:00,705.90,705.90,0.000,2.460,356.8,0.050
24/03/2022 00:00:00,704.59,704.59,0.000,2.460,356.8,0.050
23/03/2022 00:00:00,699.15,699.15,0.000,2.460,356.8,0.050
22/03/2022 00:00:00,698.73,698.73,0.000,2.460,356.8,0.050
21/03/2022 00:00:00,694.12,694.12,0.000,2.460,356.8,0.050
20/03/2022 00:00:00,692.93,692.93,0.000,2.460,356.8,0.050
16/03/2022 00:00:00,677.46,677.46,0.000,2.460,356.8,0.050
15/03/2022 00:00:00,667.98,667.98,0.000,2.460,356.8,0.050
14/03/2022 00:00:00,668.62,668.62,0.000,2.460,356.8,0.050
13/03/2022 00:00:00,670.46,670.46,0.000,2.460,356.8,0.050
10/03/2022 00:00:00,678.63,678.63,0.000,2.460,356.8,0.050
09/03/2022 00:00:00,674.98,674.98,0.000,2.460,356.8,0.050
08/03/2022 00:00:00,669.37,669.37,0.000,2.460,356.8,0.050
07/03/2022 00:00:00,679.58,679.58,0.000,2.460,369.4,0.050
06/03/2022 00:00:00,686.38,686.38,0.000,2.460,369.4,0.050
03/03/2022 00:00:00,690.87,690.87,0.000,2.460,369.4,0.050
02/03/2022 00:00:00,694.18,694.18,0.000,2.460,369.4,0.050
01/03/2022 00:00:00,694.44,694.44,0.000,2.460,369.4,0.050
28/02/2022 00:00:00,687.70,687.70,0.000,2.460,369.4,0.050
27/02/2022 00:00:00,683.12,683.12,0.000,2.460,369.4,0.050
24/02/2022 00:00:00,667.25,667.25,0.000,2.460,369.4,0.050
23/02/2022 00:00:00,689.18,689.18,0.000,2.460,369.4,0.050
22/02/2022 00:00:00,692.48,692.48,0.000,2.460,369.4,0.050
21/02/2022 00:00:00,694.80,694.80,0.000,2.460,369.4,0.050
20/02/2022 00:00:00,692.56,692.56,0.000,2.460,369.4,0.050
17/02/2022 00:00:00,701.38,701.38,0.000,2.460,369.4,0.050
16/02/2022 00:00:00,703.17,703.17,0.000,2.460,369.4,0.050
15/02/2022 00:00:00,699.81,699.81,0.000,2.460,369.4,0.050
14/02/2022 00:00:00,694.23,694.23,0.000,2.460,369.4,0.050
13/02/2022 00:00:00,694.17,694.17,0.000,2.460,369.4,0.050
10/02/2022 00:00:00,715.27,715.27,0.000,2.460,369.4,0.050
09/02/2022 00:00:00,716.55,716.55,0.000,2.460,369.4,0.050
08/02/2022 00:00:00,706.21,706.21,0.000,2.460,369.4,0.050
07/02/2022 00:00:00,712.28,712.28,0.000,2.460,387.4,0.050
06/02/2022 00:00:00,714.38,714.38,0.000,2.460,387.4,0.050
03/02/2022 00:00:00,711.18,711.18,0.000,2.460,387.4,0.050
02/02/2022 00:00:00,716.70,716.70,0.000,2.460,387.4,0.050
01/02/2022 00:00:00,709.80,709.80,0.000,2.460,387.4,0.050
31/01/2022 00:00:00,703.16,703.16,0.000,2.460,387.4,0.050
30/01/2022 00:00:00,700.23,700.23,0.000,2.460,387.4,0.050
27/01/2022 00:00:00,694.71,694.71,0.000,2.460,387.4,0.050
26/01/2022 00:00:00,694.33,694.33,0.000,2.460,387.4,0.050
25/01/2022 00:00:00,683.50,683.50,0.000,2.460,387.4,0.050
24/01/2022 00:00:00,682.68,682.68,0.000,2.460,387.4,0.050
23/01/2022 00:00:00,706.54,706.54,0.000,2.460,387.4,0.050
20/01/2022 00:00:00,724.28,724.28,0.000,2.460,387.4,0.050
19/01/2022 00:00:00,720.28,720.28,0.000,2.460,387.4,0.050
18/01/2022 00:00:00,721.89,721.89,0.000,2.460,387.4,0.050
17/01/2022 00:00:00,728.75,728.75,0.000,2.460,387.4,0.050
16/01/2022 00:00:00,726.92,726.92,0.000,2.460,387.4,0.050
13/01/2022 00:00:00,732.94,732.94,0.000,2.460,387.4,0.050
12/01/2022 00:00:00,730.29,730.29,0.000,2.460,387.4,0.050
11/01/2022 00:00:00,723.38,723.38,0.000,2.460,387.4,0.050
10/01/2022 00:00:00,714.05,714.05,0.000,2.460,387.4,0.050
09/01/2022 00:00:00,721.74,721.74,0.000,2.460,387.4,0.050
06/01/2022 00:00:00,727.45,727.45,0.000,2.460,363.3,0.050
05/01/2022 00:00:00,738.67,738.67,0.000,2.460,363.3,0.050
04/01/2022 00:00:00,736.20,736.20,0.000,2.460,363.3,0.050
03/01/2022 00:00:00,734.25,734.25,0.000,2.460,363.3,0.050
02/01/2022 00:00:00,727.72,727.72,0.000,2.460,363.3,0.050
30/12/2021 00:00:00,719.29,719.29,0.000,2.460,363.3,0.050
29/12/2021 00:00:00,717.01,717.01,0.000,2.460,363.3,0.050
28/12/2021 00:00:00,717.80,717.80,0.000,2.460,363.3,0.050
27/12/2021 00:00:00,710.62,710.62,0.000,2.460,363.3,0.050
26/12/2021 00:00:00,709.65,709.65,0.000,2.460,363.3,0.050
23/12/2021 00:00:00,706.84,706.84,0.000,2.460,363.3,0.050
22/12/2021 00:00:00,702.29,702.29,0.000,2.460,363.3,0.050
21/12/2021 00:00:00,697.71,697.71,0.000,2.460,363.3,0.050
20/12/2021 00:00:00,690.03,690.03,0.000,2.460,363.3,0.050
19/12/2021 00:00:00,699.71,699.71,0.000,2.460,363.3,0.050
16/12/2021 00:00:00,703.99,703.99,0.000,2.460,363.3,0.050
15/12/2021 00:00:00,695.85,695.85,0.000,2.460,363.3,0.050
14/12/2021 00:00:00,695.90,695.90,0.000,2.460,363.3,0.050
13/12/2021 00:00:00,698.79,698.79,0.000,2.460,363.3,0.050
12/12/2021 00:00:00,700.25,700.25,0.000,2.460,363.3,0.050
09/12/2021 00:00:00,699.87,699.87,0.000,2.460,363.3,0.050
08/12/2021 00:00:00,697.08,697.08,0.000,2.460,363.3,0.050
07/12/2021 00:00:00,691.32,691.32,0.000,2.460,358.7,0.050
06/12/2021 00:00:00,682.24,682.24,0.000,2.460,358.7,0.050
05/12/2021 00:00:00,681.89,681.89,0.000,2.460,358.7,0.050
02/12/2021 00:00:00,684.01,684.01,0.000,2.460,358.7,0.050
01/12/2021 00:00:00,691.48,691.48,0.000,2.460,358.7,0.050
30/11/2021 00:00:00,684.67,684.67,0.000,2.460,358.7,0.050
29/11/2021 00:00:00,686.72,686.72,0.000,2.460,358.7,0.050
28/11/2021 00:00:00,683.59,683.59,0.000,2.460,358.7,0.050
25/11/2021 00:00:00,696.32,696.32,0.000,2.460,358.7,0.050
24/11/2021 00:00:00,692.88,692.88,0.000,2.460,358.7,0.050
23/11/2021 00:00:00,692.39,692.39,0.000,2.460,358.7,0.050
22/11/2021 00:00:00,693.93,693.93,0.000,2.460,358.7,0.050
21/11/2021 00:00:00,690.81,690.81,0.000,2.460,358.7,0.050
18/11/2021 00:00:00,689.65,689.65,0.000,2.460,358.7,0.050
17/11/2021 00:00:00,689.31,689.31,0.000,2.460,358.7,0.050
16/11/2021 00:00:00,692.19,692.19,0.000,2.460,358.7,0.050
15/11/2021 00:00:00,691.05,691.05,0.000,2.460,358.7,0.050
14/11/2021 00:00:00,689.97,689.97,0.000,2.460,358.7,0.050
11/11/2021 00:00:00,685.86,685.86,0.000,2.460,358.7,0.050
10/11/2021 00:00:00,686.69,686.69,0.000,2.460,358.7,0.050
09/11/2021 00:00:00,691.72,691.72,0.000,2.460,358.7,0.050
08/11/2021 00:00:00,691.10,691.10,0.000,2.460,358.7,0.050
07/11/2021 00:00:00,690.70,690.70,0.000,2.460,332.7,0.050
04/11/2021 00:00:00,686.30,686.30,0.000,2.460,332.7,0.050
03/11/2021 00:00:00,683.48,683.48,0.000,2.460,332.7,0.050
02/11/2021 00:00:00,681.93,681.93,0.000,2.460,332.7,0.050
01/11/2021 00:00:00,677.27,677.27,0.000,2.460,332.7,0.050
31/10/2021 00:00:00,675.25,675.25,0.000,2.460,332.7,0.050
28/10/2021 00:00:00,671.39,671.39,0.000,2.460,332.7,0.050
27/10/2021 00:00:00,668.19,668.19,0.000,2.460,332.7,0.050
26/10/2021 00:00:00,666.64,666.64,0.000,2.460,332.7,0.050
25/10/2021 00:00:00,663.06,663.06,0.000,2.460,332.7,0.050
24/10/2021 00:00:00,663.16,663.16,0.000,2.460,332.7,0.050
21/10/2021 00:00:00,662.81,662.81,0.000,2.460,332.7,0.050
20/10/2021 00:00:00,659.59,659.59,0.000,2.460,332.7,0.050
19/10/2021 00:00:00,656.44,656.44,0.000,2.460,332.7,0.050
18/10/2021 00:00:00,652.27,652.27,0.000,2.460,332.7,0.050
17/10/2021 00:00:00,656.93,656.93,0.000,2.460,332.7,0.050
14/10/2021 00:00:00,657.16,657.16,0.000,2.460,332.7,0.050
13/10/2021 00:00:00,654.83,654.83,0.000,2.460,332.7,0.050
12/10/2021 00:00:00,648.27,648.27,0.000,2.460,332.7,0.050
11/10/2021 00:00:00,645.54,645.54,0.000,2.460,332.7,0.050
10/10/2021 00:00:00,639.16,639.16,0.000,2.460,332.7,0.050
07/10/2021 00:00:00,633.85,633.85,0.000,2.460,328.3,0.050
06/10/2021 00:00:00,632.30,632.30,0.000,2.460,328.3,0.050
05/10/2021 00:00:00,634.14,634.14,0.000,2.460,328.3,0.050
04/10/2021 00:00:00,636.30,636.30,0.000,2.460,328.3,0.050
03/10/2021 00:00:00,638.22,638.22,0.000,2.460,328.3,0.050
30/09/2021 00:00:00,635.37,635.37,0.000,2.460,328.3,0.050
29/09/2021 00:00:00,636.04,636.04,0.000,2.460,328.3,0.050
26/09/2021 00:00:00,640.05,640.05,0.000,2.460,328.3,0.050
23/09/2021 00:00:00,637.96,637.96,0.000,2.460,328.3,0.050
22/09/2021 00:00:00,635.22,635.22,0.000,2.460,328.3,0.050
19/09/2021 00:00:00,634.48,634.48,0.000,2.460,328.3,0.050
14/09/2021 00:00:00,631.15,631.15,0.000,2.460,328.3,0.050
13/09/2021 00:00:00,629.63,629.63,0.000,2.460,328.3,0.050
12/09/2021 00:00:00,621.80,621.80,0.000,2.460,323.8,0.050
09/09/2021 00:00:00,621.93,621.93,0.000,2.460,323.8,0.050
05/09/2021 00:00:00,626.02,626.02,0.000,2.460,323.8,0.050
02/09/2021 00:00:00,622.96,622.96,0.000,2.460,323.8,0.050
01/09/2021 00:00:00,627.34,627.34,0.000,2.460,323.8,0.050
31/08/2021 00:00:00,625.81,625.81,0.000,2.460,323.8,0.050
30/08/2021 00:00:00,625.61,625.61,0.000,2.460,323.8,0.050
29/08/2021 00:00:00,628.14,628.14,0.000,2.460,323.8,0.050
26/08/2021 00:00:00,621.38,621.38,0.000,2.460,323.8,0.050
25/08/2021 00:00:00,620.79,620.79,0.000,2.460,323.8,0.050
24/08/2021 00:00:00,616.47,616.47,0.000,2.460,323.8,0.050
23/08/2021 00:00:00,612.48,612.48,0.000,2.460,323.8,0.050
22/08/2021 00:00:00,607.68,607.68,0.000,2.460,323.8,0.050
19/08/2021 00:00:00,603.67,603.67,0.000,2.460,323.8,0.050
18/08/2021 00:00:00,605.12,605.12,0.000,2.460,323.8,0.050
17/08/2021 00:00:00,602.61,602.61,0.000,2.460,323.8,0.050
16/08/2021 00:00:00,605.03,605.03,0.000,2.460,323.8,0.050
15/08/2021 00:00:00,610.60,610.60,0.000,2.460,323.8,0.050
12/08/2021 00:00:00,607.52,607.52,0.000,2.460,323.8,0.050
11/08/2021 00:00:00,603.75,603.75,0.000,2.460,323.8,0.050
10/08/2021 00:00:00,604.60,604.60,0.000,2.460,323.8,0.050
09/08/2021 00:00:00,601.74,601.74,0.000,2.460,323.8,0.050
08/08/2021 00:00:00,607.32,607.32,0.000,2.460,323.8,0.050
05/08/2021 00:00:00,609.02,609.02,0.000,2.460,332.3,0.050
04/08/2021 00:00:00,611.22,611.22,0.000,2.460,332.3,0.050
03/08/2021 00:00:00,611.91,611.91,0.000,2.460,332.3,0.050
02/08/2021 00:00:00,617.98,617.98,0.000,2.460,332.3,0.050
01/08/2021 00:00:00,617.67,617.67,0.000,2.460,332.3,0.050
29/07/2021 00:00:00,617.06,617.06,0.000,2.460,332.3,0.050
28/07/2021 00:00:00,615.90,615.90,0.000,2.460,332.3,0.050
27/07/2021 00:00:00,614.97,614.97,0.000,2.460,332.3,0.050
26/07/2021 00:00:00,615.09,615.09,0.000,2.460,332.3,0.050
25/07/2021 00:00:00,618.77,618.77,0.000,2.460,332.3,0.050
22/07/2021 00:00:00,613.07,613.07,0.000,2.460,332.3,0.050
21/07/2021 00:00:00,610.54,610.54,0.000,2.460,332.3,0.050
20/07/2021 00:00:00,605.47,605.47,0.000,2.460,332.3,0.050
19/07/2021 00:00:00,603.27,603.27,0.000,2.460,332.3,0.050
15/07/2021 00:00:00,620.22,620.22,0.000,2.460,332.3,0.050
14/07/2021 00:00:00,626.73,626.73,0.000,2.460,332.3,0.050
13/07/2021 00:00:00,629.03,629.03,0.000,2.460,332.3,0.050
12/07/2021 00:00:00,629.69,629.69,0.000,2.460,332.3,0.050
11/07/2021 00:00:00,632.66,632.66,0.000,2.460,332.3,0.050
08/07/2021 00:00:00,627.25,627.25,0.000,2.460,330.0,0.050
07/07/2021 00:00:00,637.50,637.50,0.000,2.460,330.0,0.050
06/07/2021 00:00:00,637.16,637.16,0.000,2.460,330.0,0.050
05/07/2021 00:00:00,637.93,637.93,0.000,2.460,330.0,0.050
04/07/2021 00:00:00,637.38,637.38,0.000,2.460,330.0,0.050
01/07/2021 00:00:00,634.95,634.95,0.000,2.460,330.0,0.050
30/06/2021 00:00:00,634.22,634.22,0.000,2.460,330.0,0.050
29/06/2021 00:00:00,634.62,634.62,0.000,2.460,330.0,0.050
28/06/2021 00:00:00,634.48,634.48,0.000,2.460,330.0,0.050
27/06/2021 00:00:00,632.60,632.60,0.000,2.460,330.0,0.050
24/06/2021 00:00:00,634.59,634.59,0.000,2.460,330.0,0.050
23/06/2021 00:00:00,637.38,637.38,0.000,2.460,330.0,0.050
22/06/2021 00:00:00,639.17,639.17,0.000,2.460,330.0,0.050
21/06/2021 00:00:00,639.90,639.90,0.000,2.460,330.0,0.050
20/06/2021 00:00:00,637.74,637.74,0.000,2.460,330.0,0.050
17/06/2021 00:00:00,638.30,638.30,0.000,2.460,330.0,0.050
16/06/2021 00:00:00,641.94,641.94,0.000,2.460,330.0,0.050
15/06/2021 00:00:00,642.27,642.27,0.000,2.460,330.0,0.050
14/06/2021 00:00:00,637.94,637.94,0.000,2.460,330.0,0.050
13/06/2021 00:00:00,636.19,636.19,0.000,2.460,330.0,0.050
10/06/2021 00:00:00,630.02,630.02,0.000,2.460,330.0,0.050
09/06/2021 00:00:00,630.18,630.18,0.000,2.460,330.0,0.050
08/06/2021 00:00:00,630.84,630.84,0.000,2.460,330.0,0.050
07/06/2021 00:00:00,630.90,630.90,0.000,2.460,314.6,0.050
06/06/2021 00:00:00,631.00,631.00,0.000,2.460,314.6,0.050
03/06/2021 00:00:00,622.89,622.89,0.000,2.460,314.6,0.050
02/06/2021 00:00:00,629.78,629.78,0.000,2.460,314.6,0.050
01/06/2021 00:00:00,629.87,629.87,0.000,2.460,314.6,0.050
31/05/2021 00:00:00,634.40,634.40,0.000,2.460,314.6,0.050
30/05/2021 00:00:00,635.13,635.13,0.000,2.460,314.6,0.050
27/05/2021 00:00:00,631.42,631.42,0.000,2.460,314.6,0.050
26/05/2021 00:00:00,632.38,632.38,0.000,2.460,314.6,0.050
25/05/2021 00:00:00,632.86,632.86,0.000,2.460,314.6,0.050
24/05/2021 00:00:00,629.06,629.06,0.000,2.460,314.6,0.050
23/05/2021 00:00:00,629.01,629.01,0.000,2.460,314.6,0.050
20/05/2021 00:00:00,622.58,622.58,0.000,2.460,314.6,0.050
19/05/2021 00:00:00,616.85,616.85,0.000,2.460,314.6,0.050
18/05/2021 00:00:00,616.79,616.79,0.000,2.460,314.6,0.050
13/05/2021 00:00:00,605.89,605.89,0.000,2.460,314.6,0.050
12/05/2021 00:00:00,604.20,604.20,0.000,2.460,314.6,0.050
11/05/2021 00:00:00,602.88,602.88,0.000,2.460,314.6,0.050
10/05/2021 00:00:00,616.96,616.96,0.000,2.460,314.6,0.050
09/05/2021 00:00:00,618.45,618.45,0.000,2.460,314.6,0.050
06/05/2021 00:00:00,614.41,614.41,0.000,2.460,288.0,0.050
05/05/2021 00:00:00,621.28,621.28,0.000,2.460,288.0,0.050
04/05/2021 00:00:00,618.48,618.48,0.000,2.460,288.0,0.050
03/05/2021 00:00:00,620.01,620.01,0.000,2.460,288.0,0.050
02/05/2021 00:00:00,614.05,614.05,0.000,2.460,288.0,0.050
29/04/2021 00:00:00,612.93,612.93,0.000,2.460,288.0,0.050
28/04/2021 00:00:00,609.21,609.21,0.000,2.460,288.0,0.050
27/04/2021 00:00:00,607.00,607.00,0.000,2.460,288.0,0.050
26/04/2021 00:00:00,602.42,602.42,0.000,2.460,288.0,0.050
25/04/2021 00:00:00,602.78,602.78,0.000,2.460,288.0,0.050
22/04/2021 00:00:00,599.29,599.29,0.000,2.460,288.0,0.050
21/04/2021 00:00:00,596.32,596.32,0.000,2.460,288.0,0.050
20/04/2021 00:00:00,597.01,597.01,0.000,2.460,288.0,0.050
19/04/2021 00:00:00,595.59,595.59,0.000,2.460,288.0,0.050
18/04/2021 00:00:00,590.14,590.14,0.000,2.460,288.0,0.050
13/04/2021 00:00:00,585.82,585.82,0.000,2.460,288.0,0.050
12/04/2021 00:00:00,584.07,584.07,0.000,2.460,288.0,0.050
11/04/2021 00:00:00,584.35,584.35,0.000,2.460,288.0,0.050
08/04/2021 00:00:00,579.67,579.67,0.000,2.460,278.1,0.050
07/04/2021 00:00:00,577.44,577.44,0.000,2.460,278.1,0.050
06/04/2021 00:00:00,576.28,576.28,0.000,2.460,278.1,0.050
05/04/2021 00:00:00,574.21,574.21,0.000,2.460,278.1,0.050
04/04/2021 00:00:00,580.01,580.01,0.000,2.460,278.1,0.050
01/04/2021 00:00:00,574.76,574.76,0.000,2.460,278.1,0.050
31/03/2021 00:00:00,570.50,570.50,0.000,2.460,278.1,0.050
30/03/2021 00:00:00,571.33,571.33,0.000,2.460,278.1,0.050
29/03/2021 00:00:00,569.02,569.02,0.000,2.460,278.1,0.050
25/03/2021 00:00:00,561.70,561.70,0.000,2.460,278.1,0.050
24/03/2021 00:00:00,565.29,565.29,0.000,2.460,278.1,0.050
22/03/2021 00:00:00,567.44,567.44,0.000,2.460,278.1,0.050
21/03/2021 00:00:00,562.79,562.79,0.000,2.460,278.1,0.050
18/03/2021 00:00:00,558.76,558.76,0.000,2.460,278.1,0.050
17/03/2021 00:00:00,555.69,555.69,0.000,2.460,278.1,0.050
16/03/2021 00:00:00,557.12,557.12,0.000,2.460,278.1,0.050
15/03/2021 00:00:00,554.86,554.86,0.000,2.460,278.1,0.050
14/03/2021 00:00:00,556.91,556.91,0.000,2.460,278.1,0.050
11/03/2021 00:00:00,553.63,553.63,0.000,2.460,278.1,0.050
10/03/2021 00:00:00,549.04,549.04,0.000,2.460,278.1,0.050
09/03/2021 00:00:00,545.87,545.87,0.000,2.460,278.1,0.050
08/03/2021 00:00:00,542.27,542.27,0.000,2.460,278.1,0.050
07/03/2021 00:00:00,548.54,548.54,0.000,2.460,272.5,0.050
04/03/2021 00:00:00,549.14,549.14,0.000,2.460,272.5,0.050
03/03/2021 00:00:00,555.54,555.54,0.000,2.460,272.5,0.050
02/03/2021 00:00:00,554.44,554.44,0.000,2.460,272.5,0.050
01/03/2021 00:00:00,553.47,553.47,0.000,2.460,272.5,0.050
28/02/2021 00:00:00,548.56,548.56,0.000,2.460,272.5,0.050
25/02/2021 00:00:00,549.12,549.12,0.000,2.460,272.5,0.050
24/02/2021 00:00:00,549.52,549.52,0.000,2.460,272.5,0.050
23/02/2021 00:00:00,547.63,547.63,0.000,2.460,272.5,0.050
22/02/2021 00:00:00,558.51,558.51,0.000,2.460,272.5,0.050
21/02/2021 00:00:00,561.72,561.72,0.000,2.460,272.5,0.050
18/02/2021 00:00:00,557.84,557.84,0.000,2.460,272.5,0.050
17/02/2021 00:00:00,563.79,563.79,0.000,2.460,272.5,0.050
16/02/2021 00:00:00,568.64,568.64,0.000,2.460,272.5,0.050
15/02/2021 00:00:00,570.66,570.66,0.000,2.460,272.5,0.050
14/02/2021 00:00:00,565.71,565.71,0.000,2.460,272.5,0.050
11/02/2021 00:00:00,561.55,561.55,0.000,2.460,272.5,0.050
10/02/2021 00:00:00,565.79,565.79,0.000,2.460,272.5,0.050
09/02/2021 00:00:00,562.95,562.95,0.000,2.460,272.5,0.050
08/02/2021 00:00:00,560.23,560.23,0.000,2.460,272.5,0.050
07/02/2021 00:00:00,560.46,560.46,0.000,2.460,272.3,0.050
04/02/2021 00:00:00,551.63,551.63,0.000,2.460,272.3,0.050
03/02/2021 00:00:00,556.62,556.62,0.000,2.460,272.3,0.050
02/02/2021 00:00:00,554.89,554.89,0.000,2.460,272.3,0.050
01/02/2021 00:00:00,544.70,544.70,0.000,2.460,272.3,0.050
31/01/2021 00:00:00,537.94,537.94,0.000,2.460,272.3,0.050
28/01/2021 00:00:00,540.83,540.83,0.000,2.460,272.3,0.050
27/01/2021 00:00:00,540.92,540.92,0.000,2.460,272.3,0.050
26/01/2021 00:00:00,542.80,542.80,0.000,2.460,272.3,0.050
25/01/2021 00:00:00,543.71,543.71,0.000,2.460,272.3,0.050
24/01/2021 00:00:00,544.92,544.92,0.000,2.460,272.3,0.050
21/01/2021 00:00:00,547.52,547.52,0.000,2.460,272.3,0.050
20/01/2021 00:00:00,552.85,552.85,0.000,2.460,272.3,0.050
19/01/2021 00:00:00,551.33,551.33,0.000,2.460,272.3,0.050
18/01/2021 00:00:00,547.52,547.52,0.000,2.460,272.3,0.050
17/01/2021 00:00:00,546.25,546.25,0.000,2.460,272.3,0.050
14/01/2021 00:00:00,548.36,548.36,0.000,2.460,272.3,0.050
13/01/2021 00:00:00,549.12,549.12,0.000,2.460,272.3,0.050
12/01/2021 00:00:00,544.87,544.87,0.000,2.460,272.3,0.050
11/01/2021 00:00:00,544.85,544.85,0.000,2.460,272.3,0.050
10/01/2021 00:00:00,544.73,544.73,0.000,2.460,272.3,0.050
07/01/2021 00:00:00,535.73,535.73,0.000,2.460,247.3,0.050
06/01/2021 00:00:00,535.25,535.25,0.000,2.460,247.3,0.050
05/01/2021 00:00:00,534.10,534.10,0.000,2.460,247.3,0.050
04/01/2021 00:00:00,537.09,537.09,0.000,2.460,247.3,0.050
03/01/2021 00:00:00,534.71,534.71,0.000,2.460,247.3,0.050
31/12/2020 00:00:00,526.63,526.63,0.000,2.460,247.3,0.050
30/12/2020 00:00:00,525.51,525.51,0.000,2.460,247.3,0.050
29/12/2020 00:00:00,520.44,520.44,0.000,2.460,247.3,0.050
28/12/2020 00:00:00,519.33,519.33,0.000,2.460,247.3,0.050
27/12/2020 00:00:00,515.59,515.59,0.000,2.460,247.3,0.050
24/12/2020 00:00:00,507.50,507.50,0.000,2.460,247.3,0.050
23/12/2020 00:00:00,505.47,505.47,0.000,2.460,247.3,0.050
22/12/2020 00:00:00,503.50,503.50,0.000,2.460,247.3,0.050
21/12/2020 00:00:00,501.20,501.20,0.000,2.460,247.3,0.050
20/12/2020 00:00:00,508.75,508.75,0.000,2.460,247.3,0.050
17/12/2020 00:00:00,511.30,511.30,0.000,2.460,247.3,0.050
16/12/2020 00:00:00,510.33,510.33,0.000,2.460,247.3,0.050
15/12/2020 00:00:00,504.67,504.67,0.000,2.460,247.3,0.050
14/12/2020 00:00:00,506.43,506.43,0.000,2.460,247.3,0.050
13/12/2020 00:00:00,500.52,500.52,0.000,2.460,247.3,0.050
10/12/2020 00:00:00,496.75,496.75,0.000,2.460,247.3,0.050
09/12/2020 00:00:00,499.65,499.65,0.000,2.460,247.3,0.050
08/12/2020 00:00:00,497.40,497.40,0.000,2.460,247.3,0.050
07/12/2020 00:00:00,496.97,496.97,0.000,2.460,223.8,0.050
06/12/2020 00:00:00,496.66,496.66,0.000,2.460,223.8,0.050
03/12/2020 00:00:00,494.06,494.06,0.000,2.460,223.8,0.050
02/12/2020 00:00:00,489.28,489.28,0.000,2.460,223.8,0.050
01/12/2020 00:00:00,492.71,492.71,0.000,2.460,223.8,0.050
30/11/2020 00:00:00,492.89,492.89,0.000,2.460,223.8,0.050
29/11/2020 00:00:00,496.35,496.35,0.000,2.460,223.8,0.050
26/11/2020 00:00:00,495.89,495.89,0.000,2.460,223.8,0.050
25/11/2020 00:00:00,492.65,492.65,0.000,2.460,223.8,0.050
24/11/2020 00:00:00,493.34,493.34,0.000,2.460,223.8,0.050
23/11/2020 00:00:00,488.05,488.05,0.000,2.460,223.8,0.050
22/11/2020 00:00:00,483.05,483.05,0.000,2.460,223.8,0.050
19/11/2020 00:00:00,479.14,479.14,0.000,2.460,223.8,0.050
18/11/2020 00:00:00,481.79,481.79,0.000,2.460,223.8,0.050
17/11/2020 00:00:00,477.79,477.79,0.000,2.460,223.8,0.050
16/11/2020 00:00:00,474.51,474.51,0.000,2.460,223.8,0.050
15/11/2020 00:00:00,468.21,468.21,0.000,2.460,223.8,0.050
12/11/2020 00:00:00,464.27,464.27,0.000,2.460,223.8,0.050
11/11/2020 00:00:00,462.93,462.93,0.000,2.460,223.8,0.050
10/11/2020 00:00:00,459.83,459.83,0.000,2.460,223.8,0.050
09/11/2020 00:00:00,464.94,464.94,0.000,2.460,223.8,0.050
08/11/2020 00:00:00,459.18,459.18,0.000,2.460,223.8,0.050
05/11/2020 00:00:00,453.84,453.84,0.000,2.460,219.5,0.050
04/11/2020 00:00:00,455.59,455.59,0.000,2.460,219.5,0.050
03/11/2020 00:00:00,454.99,454.99,0.000,2.460,219.5,0.050
02/11/2020 00:00:00,453.05,453.05,0.000,2.460,219.5,0.050
01/11/2020 00:00:00,450.17,450.17,0.000,2.460,219.5,0.050
29/10/2020 00:00:00,448.49,448.49,0.000,2.460,219.5,0.050
28/10/2020 00:00:00,446.85,446.85,0.000,2.460,219.5,0.050
27/10/2020 00:00:00,452.69,452.69,0.000,2.460,219.5,0.050
26/10/2020 00:00:00,452.73,452.73,0.000,2.460,219.5,0.050
25/10/2020 00:00:00,455.23,455.23,0.000,2.460,219.5,0.050
22/10/2020 00:00:00,451.86,451.86,0.000,2.460,219.5,0.050
21/10/2020 00:00:00,453.05,453.05,0.000,2.460,219.5,0.050
20/10/2020 00:00:00,452.99,452.99,0.000,2.460,219.5,0.050
19/10/2020 00:00:00,455.35,455.35,0.000,2.460,219.5,0.050
18/10/2020 00:00:00,456.23,456.23,0.000,2.460,219.5,0.050
15/10/2020 00:00:00,453.52,453.52,0.000,2.460,219.5,0.050
14/10/2020 00:00:00,455.24,455.24,0.000,2.460,219.5,0.050
13/10/2020 00:00:00,454.02,454.02,0.000,2.460,219.5,0.050
12/10/2020 00:00:00,453.86,453.86,0.000,2.460,219.5,0.050
11/10/2020 00:00:00,452.63,452.63,0.000,2.460,219.5,0.050
08/10/2020 00:00:00,450.87,450.87,0.000,2.460,219.5,0.050
07/10/2020 00:00:00,447.67,447.67,0.000,2.460,221.7,0.050
06/10/2020 00:00:00,448.93,448.93,0.000,2.460,221.7,0.050
05/10/2020 00:00:00,446.72,446.72,0.000,2.460,221.7,0.050
04/10/2020 00:00:00,443.35,443.35,0.000,2.460,221.7,0.050
01/10/2020 00:00:00,438.65,438.65,0.000,2.460,221.7,0.050
30/09/2020 00:00:00,439.82,439.82,0.000,2.460,221.7,0.050
29/09/2020 00:00:00,434.67,434.67,0.000,2.460,221.7,0.050
24/09/2020 00:00:00,427.02,427.02,0.000,2.460,221.7,0.050
23/09/2020 00:00:00,432.90,432.90,0.000,2.460,221.7,0.050
22/09/2020 00:00:00,437.68,437.68,0.000,2.460,221.7,0.050
21/09/2020 00:00:00,435.11,435.11,0.000,2.460,221.7,0.050
17/09/2020 00:00:00,437.63,437.63,0.000,2.460,221.7,0.050
16/09/2020 00:00:00,440.48,440.48,0.000,2.460,221.7,0.050
15/09/2020 00:00:00,439.45,439.45,0.000,2.460,221.7,0.050
14/09/2020 00:00:00,431.62,431.62,0.000,2.460,221.7,0.050
13/09/2020 00:00:00,425.38,425.38,0.000,2.460,221.7,0.050
10/09/2020 00:00:00,429.18,429.18,0.000,2.460,221.7,0.050
09/09/2020 00:00:00,432.80,432.80,0.000,2.460,221.7,0.050
08/09/2020 00:00:00,430.61,430.61,0.000,2.460,221.7,0.050
07/09/2020 00:00:00,435.89,435.89,0.000,2.460,206.4,0.050
06/09/2020 00:00:00,430.07,430.07,0.000,2.460,206.4,0.050
03/09/2020 00:00:00,429.49,429.49,0.000,2.460,206.4,0.050
02/09/2020 00:00:00,441.14,441.14,0.000,2.460,206.4,0.050
01/09/2020 00:00:00,438.29,438.29,0.000,2.460,206.4,0.050
31/08/2020 00:00:00,438.88,438.88,0.000,2.460,206.4,0.050
30/08/2020 00:00:00,440.71,440.71,0.000,2.460,206.4,0.050
27/08/2020 00:00:00,438.16,438.16,0.000,2.460,206.4,0.050
26/08/2020 00:00:00,437.37,437.37,0.000,2.460,206.4,0.050
25/08/2020 00:00:00,433.59,433.59,0.000,2.460,206.4,0.050
24/08/2020 00:00:00,430.26,430.26,0.000,2.460,206.4,0.050
23/08/2020 00:00:00,428.91,428.91,0.000,2.460,206.4,0.050
20/08/2020 00:00:00,425.94,425.94,0.000,2.460,206.4,0.050
19/08/2020 00:00:00,429.17,429.17,0.000,2.460,206.4,0.050
18/08/2020 00:00:00,432.00,432.00,0.000,2.460,206.4,0.050
17/08/2020 00:00:00,435.04,435.04,0.000,2.460,206.4,0.050
16/08/2020 00:00:00,434.30,434.30,0.000,2.460,206.4,0.050
13/08/2020 00:00:00,427.93,427.93,0.000,2.460,206.4,0.050
12/08/2020 00:00:00,428.44,428.44,0.000,2.460,206.4,0.050
11/08/2020 00:00:00,425.85,425.85,0.000,2.460,206.4,0.050
10/08/2020 00:00:00,419.80,419.80,0.000,2.460,206.4,0.050
09/08/2020 00:00:00,416.07,416.07,0.000,2.460,206.4,0.050
06/08/2020 00:00:00,413.60,413.60,0.000,2.460,197.2,0.050
05/08/2020 00:00:00,414.26,414.26,0.000,2.460,197.2,0.050
04/08/2020 00:00:00,410.46,410.46,0.000,2.460,197.2,0.050
03/08/2020 00:00:00,409.90,409.90,0.000,2.460,197.2,0.050
02/08/2020 00:00:00,406.95,406.95,0.000,2.460,197.2,0.050
29/07/2020 00:00:00,404.25,404.25,0.000,2.460,197.2,0.050
28/07/2020 00:00:00,402.21,402.21,0.000,2.460,197.2,0.050
27/07/2020 00:00:00,400.12,400.12,0.000,2.460,197.2,0.050
26/07/2020 00:00:00,399.27,399.27,0.000,2.460,197.2,0.050
23/07/2020 00:00:00,399.27,399.27,0.000,2.460,197.2,0.050
22/07/2020 00:00:00,398.97,398.97,0.000,2.460,197.2,0.050
21/07/2020 00:00:00,398.76,398.76,0.000,2.460,197.2,0.050
20/07/2020 00:00:00,395.53,395.53,0.000,2.460,197.2,0.050
19/07/2020 00:00:00,395.42,395.42,0.000,2.460,197.2,0.050
16/07/2020 00:00:00,395.98,395.98,0.000,2.460,197.2,0.050
15/07/2020 00:00:00,398.41,398.41,0.000,2.460,197.2,0.050
14/07/2020 00:00:00,393.50,393.50,0.000,2.460,197.2,0.050
13/07/2020 00:00:00,396.15,396.15,0.000,2.460,197.2,0.050
12/07/2020 00:00:00,390.63,390.63,0.000,2.460,197.2,0.050
09/07/2020 00:00:00,384.24,384.24,0.000,2.460,197.2,0.050
08/07/2020 00:00:00,381.28,381.28,0.000,2.460,197.2,0.050
07/07/2020 00:00:00,384.33,384.33,0.000,2.460,204.9,0.050
06/07/2020 00:00:00,383.35,383.35,0.000,2.460,204.9,0.050
05/07/2020 00:00:00,379.54,379.54,0.000,2.460,204.9,0.050
02/07/2020 00:00:00,387.83,387.83,0.000,2.460,204.9,0.050
01/07/2020 00:00:00,384.60,384.60,0.000,2.460,204.9,0.050
30/06/2020 00:00:00,377.88,377.88,0.000,2.460,204.9,0.050
29/06/2020 00:00:00,372.41,372.41,0.000,2.460,204.9,0.050
28/06/2020 00:00:00,373.75,373.75,0.000,2.460,204.9,0.050
25/06/2020 00:00:00,383.78,383.78,0.000,2.460,204.9,0.050
24/06/2020 00:00:00,388.50,388.50,0.000,2.460,204.9,0.050
23/06/2020 00:00:00,391.46,391.46,0.000,2.460,204.9,0.050
22/06/2020 00:00:00,390.28,390.28,0.000,2.460,204.9,0.050
21/06/2020 00:00:00,392.04,392.04,0.000,2.460,204.9,0.050
18/06/2020 00:00:00,397.15,397.15,0.000,2.460,204.9,0.050
17/06/2020 00:00:00,397.58,397.58,0.000,2.460,204.9,0.050
16/06/2020 00:00:00,396.60,396.60,0.000,2.460,204.9,0.050
15/06/2020 00:00:00,384.65,384.65,0.000,2.460,204.9,0.050
14/06/2020 00:00:00,387.86,387.86,0.000,2.460,204.9,0.050
11/06/2020 00:00:00,388.37,388.37,0.000,2.460,204.9,0.050
10/06/2020 00:00:00,394.15,394.15,0.000,2.460,204.9,0.050
09/06/2020 00:00:00,392.42,392.42,0.000,2.460,204.9,0.050
08/06/2020 00:00:00,391.88,391.88,0.000,2.460,204.9,0.050
04/06/2020 00:00:00,385.93,385.93,0.000,2.460,208.6,0.050
03/06/2020 00:00:00,383.74,383.74,0.000,2.460,208.6,0.050
02/06/2020 00:00:00,384.75,384.75,0.000,2.460,208.6,0.050
01/06/2020 00:00:00,384.36,384.36,0.000,2.460,208.6,0.050
31/05/2020 00:00:00,385.00,385.00,0.000,2.460,208.6,0.050
27/05/2020 00:00:00,387.92,387.92,0.000,2.460,208.6,0.050
26/05/2020 00:00:00,390.23,390.23,0.000,2.460,208.6,0.050
25/05/2020 00:00:00,392.00,392.00,0.000,2.460,208.6,0.050
24/05/2020 00:00:00,389.77,389.77,0.000,2.460,208.6,0.050
21/05/2020 00:00:00,386.69,386.69,0.000,2.460,208.6,0.050
20/05/2020 00:00:00,386.62,386.62,0.000,2.460,208.6,0.050
19/05/2020 00:00:00,383.52,383.52,0.000,2.460,208.6,0.050
18/05/2020 00:00:00,382.10,382.10,0.000,2.460,208.6,0.050
17/05/2020 00:00:00,375.57,375.57,0.000,2.460,208.6,0.050
14/05/2020 00:00:00,367.34,367.34,0.000,2.460,208.6,0.050
13/05/2020 00:00:00,380.13,380.13,0.000,2.460,208.6,0.050
12/05/2020 00:00:00,385.78,385.78,0.000,2.460,208.6,0.050
11/05/2020 00:00:00,386.43,386.43,0.000,2.460,178.3,0.050
10/05/2020 00:00:00,388.63,388.63,0.000,2.460,178.3,0.050
07/05/2020 00:00:00,384.08,384.08,0.000,2.460,178.3,0.050
06/05/2020 00:00:00,382.54,382.54,0.000,2.460,178.3,0.050
05/05/2020 00:00:00,382.39,382.39,0.000,2.460,178.3,0.050
04/05/2020 00:00:00,378.24,378.24,0.000,2.460,178.3,0.050
03/05/2020 00:00:00,383.29,383.29,0.000,2.460,178.3,0.050
30/04/2020 00:00:00,390.02,390.02,0.000,2.460,178.3,0.050
27/04/2020 00:00:00,382.79,382.79,0.000,2.460,178.3,0.050
26/04/2020 00:00:00,376.92,376.92,0.000,2.460,178.3,0.050
23/04/2020 00:00:00,368.41,368.41,0.000,2.460,178.3,0.050
22/04/2020 00:00:00,363.50,363.50,0.000,2.460,178.3,0.050
21/04/2020 00:00:00,364.06,364.06,0.000,2.460,178.3,0.050
20/04/2020 00:00:00,369.41,369.41,0.000,2.460,178.3,0.050
19/04/2020 00:00:00,371.57,371.57,0.000,2.460,178.3,0.050
16/04/2020 00:00:00,358.62,358.62,0.000,2.460,178.3,0.050
13/04/2020 00:00:00,360.42,360.42,0.000,2.460,178.3,0.050
12/04/2020 00:00:00,362.30,362.30,0.000,2.460,178.3,0.050
07/04/2020 00:00:00,353.52,353.52,0.000,2.460,178.3,0.050
06/04/2020 00:00:00,339.43,339.43,0.000,2.460,268.3,0.050
05/04/2020 00:00:00,331.26,331.26,0.000,2.460,268.3,0.050
02/04/2020 00:00:00,335.02,335.02,0.000,2.460,268.3,0.050
01/04/2020 00:00:00,333.91,333.91,0.000,2.460,268.3,0.050
31/03/2020 00:00:00,337.03,337.03,0.000,2.460,268.3,0.050
30/03/2020 00:00:00,325.93,325.93,0.000,2.460,268.3,0.050
29/03/2020 00:00:00,318.60,318.60,0.000,2.460,268.3,0.050
26/03/2020 00:00:00,315.84,315.84,0.000,2.460,268.3,0.050
25/03/2020 00:00:00,302.74,302.74,0.000,2.460,268.3,0.050
24/03/2020 00:00:00,292.88,292.88,0.000,2.460,268.3,0.050
23/03/2020 00:00:00,276.01,276.01,0.000,2.460,268.3,0.050
22/03/2020 00:00:00,274.94,274.94,0.000,2.460,268.3,0.050
19/03/2020 00:00:00,284.03,284.03,0.000,2.460,268.3,0.050
18/03/2020 00:00:00,273.75,273.75,0.000,2.460,268.3,0.050
17/03/2020 00:00:00,290.02,290.02,0.000,2.460,268.3,0.050
16/03/2020 00:00:00,297.16,297.16,0.000,2.460,268.3,0.050
15/03/2020 00:00:00,317.33,317.33,0.000,2.460,268.3,0.050
12/03/2020 00:00:00,321.23,321.23,0.000,2.460,268.3,0.050
11/03/2020 00:00:00,347.55,347.55,0.000,2.460,268.3,0.050
09/03/2020 00:00:00,356.61,356.61,0.000,2.460,268.3,0.050
08/03/2020 00:00:00,387.88,387.88,0.000,2.460,290.4,0.050
05/03/2020 00:00:00,410.10,410.10,0.000,2.460,290.4,0.050
04/03/2020 00:00:00,421.67,421.67,0.000,2.460,290.4,0.050
03/03/2020 00:00:00,431.13,431.13,0.000,2.460,290.4,0.050
01/03/2020 00:00:00,424.68,424.68,0.000,2.460,290.4,0.050
27/02/2020 00:00:00,435.43,435.43,0.000,2.460,290.4,0.050
26/02/2020 00:00:00,445.15,445.15,0.000,2.460,290.4,0.050
25/02/2020 00:00:00,446.32,446.32,0.000,2.460,290.4,0.050
24/02/2020 00:00:00,444.52,444.52,0.000,2.460,290.4,0.050
23/02/2020 00:00:00,454.90,454.90,0.000,2.460,290.4,0.050
20/02/2020 00:00:00,468.22,468.22,0.000,2.460,290.4,0.050
19/02/2020 00:00:00,469.28,469.28,0.000,2.460,290.4,0.050
18/02/2020 00:00:00,463.46,463.46,0.000,2.460,290.4,0.050
17/02/2020 00:00:00,465.93,465.93,0.000,2.460,290.4,0.050
16/02/2020 00:00:00,465.04,465.04,0.000,2.460,290.4,0.050
13/02/2020 00:00:00,460.55,460.55,0.000,2.460,290.4,0.050
12/02/2020 00:00:00,462.70,462.70,0.000,2.460,290.4,0.050
11/02/2020 00:00:00,457.14,457.14,0.000,2.460,290.4,0.050
10/02/2020 00:00:00,452.14,452.14,0.000,2.460,290.4,0.050
09/02/2020 00:00:00,452.12,452.12,0.000,2.460,290.4,0.050
06/02/2020 00:00:00,455.47,455.47,0.000,2.460,289.1,0.050
05/02/2020 00:00:00,456.59,456.59,0.000,2.460,289.1,0.050
04/02/2020 00:00:00,448.79,448.79,0.000,2.460,289.1,0.050
03/02/2020 00:00:00,443.92,443.92,0.000,2.460,289.1,0.050
02/02/2020 00:00:00,443.51,443.51,0.000,2.460,289.1,0.050
30/01/2020 00:00:00,456.23,456.23,0.000,2.460,289.1,0.050
29/01/2020 00:00:00,454.93,454.93,0.000,2.460,289.1,0.050
28/01/2020 00:00:00,450.90,450.90,0.000,2.460,289.1,0.050
27/01/2020 00:00:00,449.92,449.92,0.000,2.460,289.1,0.050
26/01/2020 00:00:00,459.13,459.13,0.000,2.460,289.1,0.050
23/01/2020 00:00:00,464.98,464.98,0.000,2.460,289.1,0.050
22/01/2020 00:00:00,466.57,466.57,0.000,2.460,289.1,0.050
21/01/2020 00:00:00,461.05,461.05,0.000,2.460,289.1,0.050
20/01/2020 00:00:00,463.22,463.22,0.000,2.460,289.1,0.050
19/01/2020 00:00:00,465.96,465.96,0.000,2.460,289.1,0.050
16/01/2020 00:00:00,464.37,464.37,0.000,2.460,289.1,0.050
15/01/2020 00:00:00,461.10,461.10,0.000,2.460,289.1,0.050
14/01/2020 00:00:00,460.73,460.73,0.000,2.460,289.1,0.050
13/01/2020 00:00:00,458.23,458.23,0.000,2.460,289.1,0.050
12/01/2020 00:00:00,458.10,458.10,0.000,2.460,289.1,0.050
09/01/2020 00:00:00,456.88,456.88,0.000,2.460,289.1,0.050
08/01/2020 00:00:00,454.62,454.62,0.000,2.460,289.1,0.050
07/01/2020 00:00:00,453.48,453.48,0.000,2.460,289.1,0.050
06/01/2020 00:00:00,449.90,449.90,0.000,2.460,276.0,0.050
05/01/2020 00:00:00,453.33,453.33,0.000,2.460,276.0,0.050
02/01/2020 00:00:00,451.63,451.63,0.000,2.460,276.0,0.050
01/01/2020 00:00:00,447.50,447.50,0.000,2.460,276.0,0.050
31/12/2019 00:00:00,442.68,442.68,0.000,2.460,276.0,0.050
30/12/2019 00:00:00,438.29,438.29,0.000,2.460,276.0,0.050
29/12/2019 00:00:00,437.08,437.08,0.000,2.460,276.0,0.050
26/12/2019 00:00:00,435.90,435.90,0.000,2.460,276.0,0.050
25/12/2019 00:00:00,433.36,433.36,0.000,2.460,276.0,0.050
24/12/2019 00:00:00,429.84,429.84,0.000,2.460,276.0,0.050
23/12/2019 00:00:00,427.39,427.39,0.000,2.460,276.0,0.050
22/12/2019 00:00:00,425.99,425.99,0.000,2.460,276.0,0.050
19/12/2019 00:00:00,425.24,425.24,0.000,2.460,276.0,0.050
18/12/2019 00:00:00,426.47,426.47,0.000,2.460,276.0,0.050
17/12/2019 00:00:00,426.23,426.23,0.000,2.460,276.0,0.050
16/12/2019 00:00:00,425.44,425.44,0.000,2.460,276.0,0.050
15/12/2019 00:00:00,425.60,425.60,0.000,2.460,276.0,0.050
12/12/2019 00:00:00,424.98,424.98,0.000,2.460,276.0,0.050
11/12/2019 00:00:00,424.94,424.94,0.000,2.460,276.0,0.050
10/12/2019 00:00:00,423.86,423.86,0.000,2.460,276.0,0.050
09/12/2019 00:00:00,424.80,424.80,0.000,2.460,276.0,0.050
08/12/2019 00:00:00,422.75,422.75,0.000,2.460,276.0,0.050
05/12/2019 00:00:00,418.97,418.97,0.000,2.460,277.4,0.050
04/12/2019 00:00:00,418.28,418.28,0.000,2.460,277.4,0.050
03/12/2019 00:00:00,418.25,418.25,0.000,2.460,277.4,0.050
02/12/2019 00:00:00,424.75,424.75,0.000,2.460,277.4,0.050
01/12/2019 00:00:00,426.71,426.71,0.000,2.460,277.4,0.050
28/11/2019 00:00:00,427.73,427.73,0.000,2.460,277.4,0.050
27/11/2019 00:00:00,427.31,427.31,0.000,2.460,277.4,0.050
26/11/2019 00:00:00,426.85,426.85,0.000,2.460,277.4,0.050
25/11/2019 00:00:00,425.73,425.73,0.000,2.460,277.4,0.050
24/11/2019 00:00:00,424.92,424.92,0.000,2.460,277.4,0.050
21/11/2019 00:00:00,422.63,422.63,0.000,2.460,277.4,0.050


